Tipo de inmueble,Precio (admin_included),Estrato,Baños,Habitaciones,Parqueaderos,Area,Area Privada,Piso,Antiguedad,Precio_por_m2,Bedroom_Bath_Ratio,Size_Category_Small,Size_Category_Medium,Size_Category_Large,Size_Category_Huge,Cluster,Market_Segment
Apartamento,1800000.0,4.0,1.0,1.0,0.0,22.0,22.0,2.0,9 a 15 años,81818.18181818182,1.0,False,False,False,False,1,Budget Compact Properties
Apartamento,3500000.0,4.0,1.0,1.0,0.0,31.0,31.0,0.0,menor a 1 año,112903.2258064516,1.0,True,False,False,False,1,Budget Compact Properties
Apartamento,1050000.0,4.0,1.0,1.0,0.0,45.0,45.0,2.0,1 a 8 años,23333.333333333332,1.0,True,False,False,False,1,Budget Compact Properties
Apartamento,3500000.0,4.0,2.0,2.0,1.0,68.2,68.2,14.0,menor a 1 año,51319.64809384164,1.0,False,True,False,False,1,Budget Compact Properties
Apartamento,1281000.0,4.0,1.0,1.0,1.0,17.0,17.0,0.0,menor a 1 año,75352.94117647059,1.0,False,False,False,False,1,Budget Compact Properties
Apartamento,1450000.0,3.0,1.0,1.0,0.0,26.0,26.0,0.0,1 a 8 años,55769.230769230766,1.0,False,False,False,False,1,Budget Compact Properties
Casa,6000000.0,5.0,5.0,5.0,5.0,380.0,380.0,1.0,16 a 30 años,15789.473684210527,1.0,False,False,True,False,0,Premium Spacious Properties
Apartamento,2300000.0,4.0,1.0,1.0,0.0,19.0,22.0,4.0,menor a 1 año,121052.63157894737,1.0,False,False,False,False,1,Budget Compact Properties
Casa,15000000.0,4.0,6.0,19.0,4.0,608.0,608.0,3.0,más de 30 años,24671.052631578947,3.1666666666666665,False,False,False,True,0,Premium Spacious Properties
Apartamento,550000.0,4.0,0.0,1.0,0.0,70.0,22.0,0.0,más de 30 años,7857.142857142857,2.0,False,True,False,False,1,Budget Compact Properties
Apartamento,3600000.0,4.0,2.0,2.0,1.0,65.0,65.0,0.0,menor a 1 año,55384.61538461538,1.0,False,True,False,False,1,Budget Compact Properties
Apartamento,2850000.0,4.0,2.0,2.0,1.0,109.0,22.0,0.0,más de 30 años,26146.788990825688,1.0,False,True,False,False,1,Budget Compact Properties
Apartamento,5125264.0,4.0,3.0,3.0,2.0,170.0,170.0,0.0,16 a 30 años,30148.61176470588,1.0,False,False,True,False,1,Budget Compact Properties
Casa,680000.0,4.0,1.0,1.0,0.0,15.0,15.0,2.0,más de 30 años,45333.333333333336,1.0,False,False,False,False,1,Budget Compact Properties
Casa,6500000.0,4.0,6.0,5.0,4.0,390.0,22.0,0.0,más de 30 años,16666.666666666668,0.8333333333333334,False,False,True,False,0,Premium Spacious Properties
Apartamento,2000000.0,4.0,2.0,2.0,1.0,75.0,75.0,0.0,más de 30 años,26666.666666666668,1.0,False,True,False,False,1,Budget Compact Properties
Apartamento,1500000.0,5.0,1.0,1.0,1.0,60.0,60.0,1.0,más de 30 años,25000.0,1.0,True,False,False,False,1,Budget Compact Properties
Apartamento,1500000.0,4.0,0.0,1.0,0.0,35.0,22.0,0.0,más de 30 años,42857.142857142855,2.0,True,False,False,False,1,Budget Compact Properties
Apartamento,2400000.0,4.0,1.0,1.0,1.0,46.0,46.0,2.0,9 a 15 años,52173.913043478264,1.0,True,False,False,False,1,Budget Compact Properties
Apartamento,800000.0,4.0,1.0,1.0,0.0,80.0,20.0,0.0,9 a 15 años,10000.0,1.0,False,True,False,False,1,Budget Compact Properties
Apartamento,2900000.0,5.0,2.0,1.0,0.0,45.0,22.0,0.0,más de 30 años,64444.444444444445,0.5,True,False,False,False,1,Budget Compact Properties
Apartamento,1900000.0,4.0,1.0,1.0,1.0,70.0,70.0,4.0,9 a 15 años,27142.85714285714,1.0,False,True,False,False,1,Budget Compact Properties
Apartamento,4171000.0,4.0,3.0,3.0,2.0,130.0,130.0,0.0,16 a 30 años,32084.615384615383,1.0,False,False,True,False,1,Budget Compact Properties
Apartamento,1800000.0,3.0,1.0,1.0,0.0,25.0,25.0,0.0,menor a 1 año,72000.0,1.0,False,False,False,False,1,Budget Compact Properties
Apartamento,2000000.0,3.0,1.0,1.0,0.0,31.0,22.0,0.0,más de 30 años,64516.12903225807,1.0,True,False,False,False,1,Budget Compact Properties
Apartamento,1300000.0,4.0,1.0,1.0,0.0,17.0,17.0,0.0,menor a 1 año,76470.58823529411,1.0,False,False,False,False,1,Budget Compact Properties
Apartamento,2500000.0,3.0,2.0,3.0,0.0,114.0,114.0,0.0,más de 30 años,21929.824561403508,1.5,False,True,False,False,1,Budget Compact Properties
Apartamento,1926000.0,3.0,1.0,1.0,0.0,32.0,31.0,2.0,1 a 8 años,60187.5,1.0,True,False,False,False,1,Budget Compact Properties
Casa,6500000.0,4.0,2.0,5.0,0.0,205.0,205.0,1.0,más de 30 años,31707.317073170732,2.5,False,False,True,False,1,Budget Compact Properties
Apartamento,800000.0,4.0,1.0,1.0,0.0,24.0,22.0,2.0,9 a 15 años,33333.333333333336,1.0,False,False,False,False,1,Budget Compact Properties
Apartamento,1750000.0,3.0,1.0,1.0,0.0,30.0,30.0,4.0,16 a 30 años,58333.333333333336,1.0,False,False,False,False,1,Budget Compact Properties
Casa,6200000.0,4.0,3.0,1.0,1.0,330.0,330.0,0.0,más de 30 años,18787.878787878788,0.3333333333333333,False,False,True,False,0,Premium Spacious Properties
Apartamento,2300000.0,4.0,1.0,1.0,0.0,30.0,30.0,0.0,menor a 1 año,76666.66666666667,1.0,False,False,False,False,1,Budget Compact Properties
Apartamento,750000.0,4.0,1.0,1.0,0.0,127.0,26.0,1.0,9 a 15 años,5905.511811023622,1.0,False,False,True,False,1,Budget Compact Properties
Apartamento,470000.0,5.0,5.0,5.0,0.0,8.0,22.0,2.0,1 a 8 años,58750.0,1.0,False,False,False,False,1,Budget Compact Properties
Casa,8000000.0,4.0,5.0,9.0,1.0,240.0,240.0,0.0,más de 30 años,33333.333333333336,1.8,False,False,True,False,0,Premium Spacious Properties
Apartamento,3500000.0,4.0,2.0,2.0,1.0,47.0,47.0,0.0,1 a 8 años,74468.08510638298,1.0,True,False,False,False,1,Budget Compact Properties
Apartamento,300000.0,4.0,1.0,1.0,0.0,12.0,12.0,0.0,más de 30 años,25000.0,1.0,False,False,False,False,1,Budget Compact Properties
Apartamento,600000.0,3.0,1.0,1.0,0.0,12.0,12.0,0.0,más de 30 años,50000.0,1.0,False,False,False,False,1,Budget Compact Properties
Apartamento,800000.0,4.0,1.0,1.0,0.0,32.0,32.0,1.0,1 a 8 años,25000.0,1.0,True,False,False,False,1,Budget Compact Properties
Apartamento,1650000.0,4.0,1.0,1.0,0.0,20.0,22.0,0.0,más de 30 años,82500.0,1.0,False,False,False,False,1,Budget Compact Properties
Apartamento,1800000.0,4.0,2.0,1.0,1.0,60.0,50.45,2.0,1 a 8 años,30000.0,0.5,True,False,False,False,1,Budget Compact Properties
Apartamento,1350000.0,3.0,1.0,2.0,0.0,45.0,22.0,1.0,16 a 30 años,30000.0,2.0,True,False,False,False,1,Budget Compact Properties
Apartamento,1900000.0,4.0,0.0,1.0,1.0,34.0,34.0,5.0,1 a 8 años,55882.35294117647,2.0,True,False,False,False,1,Budget Compact Properties
Apartamento,700000.0,4.0,1.0,1.0,0.0,12.0,12.0,1.0,9 a 15 años,58333.333333333336,1.0,False,False,False,False,1,Budget Compact Properties
Apartamento,700000.0,4.0,1.0,1.0,0.0,15.0,15.0,0.0,16 a 30 años,46666.666666666664,1.0,False,False,False,False,1,Budget Compact Properties
Apartamento,470000.0,3.0,1.0,1.0,0.0,6.0,6.0,2.0,menor a 1 año,78333.33333333333,1.0,False,False,False,False,1,Budget Compact Properties
Apartamento,4800000.0,4.0,5.0,4.0,2.0,164.0,164.0,0.0,9 a 15 años,29268.29268292683,0.8,False,False,True,False,0,Premium Spacious Properties
Casa,4200000.0,4.0,3.0,1.0,0.0,240.0,240.0,0.0,16 a 30 años,17500.0,0.3333333333333333,False,False,True,False,1,Budget Compact Properties
Apartamento,1300000.0,4.0,2.0,1.0,0.0,40.0,22.0,1.0,más de 30 años,32500.0,0.5,True,False,False,False,1,Budget Compact Properties
Apartamento,1600000.0,3.0,1.0,2.0,0.0,40.0,40.0,3.0,menor a 1 año,40000.0,2.0,True,False,False,False,1,Budget Compact Properties
Apartamento,2100000.0,4.0,1.0,1.0,0.0,34.0,34.0,5.0,1 a 8 años,61764.705882352944,1.0,True,False,False,False,1,Budget Compact Properties
Apartamento,4500000.0,5.0,3.0,4.0,1.0,164.0,164.0,7.0,16 a 30 años,27439.024390243903,1.3333333333333333,False,False,True,False,1,Budget Compact Properties
Apartamento,2000001.0,3.0,1.0,2.0,1.0,66.0,66.0,0.0,16 a 30 años,30303.045454545456,2.0,False,True,False,False,1,Budget Compact Properties
Apartamento,1350000.0,4.0,1.0,1.0,0.0,24.0,22.0,7.0,1 a 8 años,56250.0,1.0,False,False,False,False,1,Budget Compact Properties
Casa,6500000.0,4.0,4.0,5.0,2.0,354.0,22.0,0.0,más de 30 años,18361.581920903955,1.25,False,False,True,False,0,Premium Spacious Properties
Casa,20000000.0,4.0,8.0,8.0,4.0,960.0,960.0,3.0,más de 30 años,20833.333333333332,1.0,False,False,False,True,0,Premium Spacious Properties
Apartamento,600000.0,4.0,1.0,1.0,0.0,20.0,20.0,2.0,16 a 30 años,30000.0,1.0,False,False,False,False,1,Budget Compact Properties
Apartamento,1700000.0,5.0,1.0,1.0,0.0,20.0,18.0,4.0,1 a 8 años,85000.0,1.0,False,False,False,False,1,Budget Compact Properties
Apartamento,600000.0,4.0,1.0,1.0,0.0,1.0,1.0,3.0,9 a 15 años,600000.0,1.0,False,False,False,False,1,Budget Compact Properties
Apartamento,2000000.0,5.0,1.0,1.0,1.0,35.0,35.0,0.0,1 a 8 años,57142.857142857145,1.0,True,False,False,False,1,Budget Compact Properties
Apartamento,2300000.0,4.0,1.0,3.0,1.0,72.0,70.0,0.0,16 a 30 años,31944.444444444445,3.0,False,True,False,False,1,Budget Compact Properties
Apartamento,600000.0,4.0,0.0,1.0,0.0,8.0,8.0,0.0,9 a 15 años,75000.0,2.0,False,False,False,False,1,Budget Compact Properties
Apartamento,2400000.0,4.0,2.0,2.0,0.0,62.0,62.0,2.0,9 a 15 años,38709.67741935484,1.0,False,True,False,False,1,Budget Compact Properties
Apartamento,650000.0,3.0,1.0,1.0,0.0,30.0,30.0,2.0,más de 30 años,21666.666666666668,1.0,False,False,False,False,1,Budget Compact Properties
Apartamento,1950000.0,4.0,1.0,1.0,0.0,21.0,21.0,3.0,más de 30 años,92857.14285714286,1.0,False,False,False,False,1,Budget Compact Properties
Apartamento,1600000.0,5.0,1.0,1.0,0.0,16.0,16.0,2.0,1 a 8 años,100000.0,1.0,False,False,False,False,1,Budget Compact Properties
Apartamento,630000.0,4.0,1.0,1.0,0.0,9.0,9.0,5.0,menor a 1 año,70000.0,1.0,False,False,False,False,1,Budget Compact Properties
Apartamento,3500000.0,4.0,3.0,4.0,1.0,112.0,112.0,0.0,más de 30 años,31250.0,1.3333333333333333,False,True,False,False,1,Budget Compact Properties
Apartamento,1134000.0,4.0,1.0,1.0,0.0,23.0,23.0,6.0,9 a 15 años,49304.34782608696,1.0,False,False,False,False,1,Budget Compact Properties
Apartamento,1600000.0,5.0,1.0,1.0,1.0,20.0,20.0,0.0,16 a 30 años,80000.0,1.0,False,False,False,False,1,Budget Compact Properties
Apartamento,550000.0,4.0,6.0,8.0,0.0,10.0,10.0,0.0,16 a 30 años,55000.0,1.3333333333333333,False,False,False,False,0,Premium Spacious Properties
Apartamento,750000.0,4.0,1.0,1.0,0.0,127.0,26.0,1.0,9 a 15 años,5905.511811023622,1.0,False,False,True,False,1,Budget Compact Properties
Apartamento,7000000.0,6.0,1.0,1.0,2.0,80.0,80.0,0.0,más de 30 años,87500.0,1.0,False,True,False,False,1,Budget Compact Properties
Apartamento,1500000.0,4.0,1.0,1.0,1.0,35.0,35.0,0.0,16 a 30 años,42857.142857142855,1.0,True,False,False,False,1,Budget Compact Properties
Apartamento,1350000.0,3.0,1.0,1.0,0.0,35.0,35.0,0.0,menor a 1 año,38571.42857142857,1.0,True,False,False,False,1,Budget Compact Properties
Apartamento,2100000.0,4.0,1.0,1.0,1.0,55.0,55.0,4.0,9 a 15 años,38181.818181818184,1.0,True,False,False,False,1,Budget Compact Properties
Casa,8500000.0,4.0,10.0,8.0,3.0,450.0,450.0,2.0,16 a 30 años,18888.88888888889,0.8,False,False,True,False,0,Premium Spacious Properties
Casa,6500000.0,4.0,4.0,5.0,2.0,280.0,280.0,0.0,más de 30 años,23214.285714285714,1.25,False,False,True,False,0,Premium Spacious Properties
Apartamento,780000.0,3.0,2.0,2.0,0.0,30.0,30.0,1.0,16 a 30 años,26000.0,1.0,False,False,False,False,1,Budget Compact Properties
Apartamento,870000.0,5.0,1.0,1.0,0.0,6.0,6.0,0.0,más de 30 años,145000.0,1.0,False,False,False,False,1,Budget Compact Properties
Apartamento,600000.0,4.0,3.0,2.0,0.0,200.0,20.0,2.0,1 a 8 años,3000.0,0.6666666666666666,False,False,True,False,1,Budget Compact Properties
Apartamento,3200000.0,4.0,2.0,2.0,0.0,64.0,64.0,4.0,1 a 8 años,50000.0,1.0,False,True,False,False,1,Budget Compact Properties
Apartamento,800000.0,4.0,1.0,1.0,0.0,9.0,22.0,0.0,9 a 15 años,88888.88888888889,1.0,False,False,False,False,1,Budget Compact Properties
Apartamento,500000.0,4.0,1.0,1.0,0.0,14.0,22.0,2.0,más de 30 años,35714.28571428572,1.0,False,False,False,False,1,Budget Compact Properties
Apartamento,2100000.0,3.0,1.0,1.0,0.0,37.0,37.0,5.0,1 a 8 años,56756.75675675676,1.0,True,False,False,False,1,Budget Compact Properties
Apartamento,2900000.0,4.0,1.0,2.0,2.0,77.0,77.0,4.0,más de 30 años,37662.33766233766,2.0,False,True,False,False,1,Budget Compact Properties
Casa,4899999.0,4.0,2.0,4.0,1.0,268.0,268.0,0.0,más de 30 años,18283.578358208953,2.0,False,False,True,False,0,Premium Spacious Properties
Apartamento,1950000.0,4.0,1.0,1.0,1.0,45.0,41.0,4.0,16 a 30 años,43333.333333333336,1.0,True,False,False,False,1,Budget Compact Properties
Apartamento,3600000.0,5.0,3.0,4.0,2.0,91.0,91.0,0.0,16 a 30 años,39560.43956043956,1.3333333333333333,False,True,False,False,1,Budget Compact Properties
Apartamento,3000000.0,4.0,1.0,1.0,0.0,35.0,22.0,0.0,1 a 8 años,85714.28571428571,1.0,True,False,False,False,1,Budget Compact Properties
Apartamento,900000.0,4.0,1.0,1.0,0.0,22.0,22.0,1.0,9 a 15 años,40909.09090909091,1.0,False,False,False,False,1,Budget Compact Properties
Apartamento,700000.0,4.0,1.0,1.0,0.0,15.0,15.0,4.0,16 a 30 años,46666.666666666664,1.0,False,False,False,False,1,Budget Compact Properties
Apartamento,6500000.0,4.0,1.0,1.0,0.0,12.0,12.0,2.0,1 a 8 años,541666.6666666666,1.0,False,False,False,False,1,Budget Compact Properties
Casa,5300000.0,3.0,4.0,4.0,2.0,400.0,400.0,0.0,más de 30 años,13250.0,1.0,False,False,True,False,0,Premium Spacious Properties
Apartamento,1700000.0,5.0,1.0,1.0,0.0,18.0,18.0,4.0,1 a 8 años,94444.44444444444,1.0,False,False,False,False,1,Budget Compact Properties
Apartamento,730000.0,3.0,2.0,6.0,0.0,2.0,22.0,2.0,9 a 15 años,365000.0,3.0,False,False,False,False,1,Budget Compact Properties
Apartamento,650000.0,3.0,1.0,1.0,0.0,16.0,22.0,5.0,más de 30 años,40625.0,1.0,False,False,False,False,1,Budget Compact Properties
Apartamento,2100000.0,4.0,2.0,2.0,0.0,59.0,59.0,4.0,más de 30 años,35593.220338983054,1.0,True,False,False,False,1,Budget Compact Properties
Apartamento,1705000.0,4.0,1.0,1.0,0.0,23.0,23.0,2.0,1 a 8 años,74130.43478260869,1.0,False,False,False,False,1,Budget Compact Properties
Apartamento,2000000.0,3.0,1.0,2.0,0.0,100.0,100.0,1.0,más de 30 años,20000.0,2.0,False,True,False,False,1,Budget Compact Properties
Apartamento,1100000.0,4.0,1.0,1.0,0.0,25.0,25.0,0.0,16 a 30 años,44000.0,1.0,False,False,False,False,1,Budget Compact Properties
Apartamento,500000.0,4.0,1.0,1.0,0.0,2.2,2.2,1.0,16 a 30 años,227272.72727272726,1.0,False,False,False,False,1,Budget Compact Properties
Casa,12000000.0,4.0,5.0,1.0,1.0,398.0,398.0,2.0,9 a 15 años,30150.75376884422,0.2,False,False,True,False,0,Premium Spacious Properties
Apartamento,1600000.0,4.0,1.0,2.0,0.0,50.0,50.0,0.0,16 a 30 años,32000.0,2.0,True,False,False,False,1,Budget Compact Properties
Casa,14000000.0,3.0,4.0,11.0,4.0,452.0,452.0,0.0,más de 30 años,30973.451327433628,2.75,False,False,True,False,0,Premium Spacious Properties
Casa,6500000.0,4.0,4.0,3.0,2.0,222.0,22.0,2.0,más de 30 años,29279.27927927928,0.75,False,False,True,False,1,Budget Compact Properties
Apartamento,1650000.0,4.0,1.0,1.0,0.0,20.0,22.0,0.0,más de 30 años,82500.0,1.0,False,False,False,False,1,Budget Compact Properties
Apartamento,1750000.0,4.0,1.0,1.0,0.0,27.0,22.0,1.0,1 a 8 años,64814.81481481482,1.0,False,False,False,False,1,Budget Compact Properties
Apartamento,1200000.0,3.0,1.0,1.0,0.0,35.0,22.0,4.0,9 a 15 años,34285.71428571428,1.0,True,False,False,False,1,Budget Compact Properties
Apartamento,1350000.0,3.0,1.0,1.0,0.0,40.0,40.0,3.0,9 a 15 años,33750.0,1.0,True,False,False,False,1,Budget Compact Properties
Apartamento,2250000.0,4.0,1.0,1.0,1.0,45.0,45.0,0.0,menor a 1 año,50000.0,1.0,True,False,False,False,1,Budget Compact Properties
Apartamento,2500000.0,3.0,2.0,2.0,1.0,62.0,22.0,4.0,1 a 8 años,40322.58064516129,1.0,False,True,False,False,1,Budget Compact Properties
Casa,12000000.0,4.0,7.0,7.0,5.0,320.0,22.0,3.0,más de 30 años,37500.0,1.0,False,False,True,False,0,Premium Spacious Properties
Apartamento,1350000.0,3.0,1.0,1.0,0.0,25.0,23.0,3.0,1 a 8 años,54000.0,1.0,False,False,False,False,1,Budget Compact Properties
Apartamento,1600000.0,5.0,1.0,1.0,0.0,16.0,16.0,3.0,1 a 8 años,100000.0,1.0,False,False,False,False,1,Budget Compact Properties
Apartamento,1600000.0,3.0,1.0,1.0,0.0,35.0,22.0,2.0,menor a 1 año,45714.28571428572,1.0,True,False,False,False,1,Budget Compact Properties
Apartamento,500000.0,4.0,0.0,1.0,0.0,12.0,12.0,0.0,más de 30 años,41666.666666666664,2.0,False,False,False,False,1,Budget Compact Properties
Apartamento,1700000.0,4.0,1.0,1.0,0.0,45.0,45.0,0.0,16 a 30 años,37777.77777777778,1.0,True,False,False,False,1,Budget Compact Properties
Apartamento,1550000.0,4.0,1.0,1.0,0.0,45.0,45.0,0.0,más de 30 años,34444.444444444445,1.0,True,False,False,False,1,Budget Compact Properties
Apartamento,600000.0,3.0,2.0,3.0,0.0,16.0,16.0,2.0,1 a 8 años,37500.0,1.5,False,False,False,False,1,Budget Compact Properties
Casa,6350000.0,3.0,3.0,2.0,0.0,60.0,130.0,0.0,más de 30 años,105833.33333333333,0.6666666666666666,True,False,False,False,1,Budget Compact Properties
Apartamento,1400000.0,3.0,1.0,2.0,0.0,55.0,55.0,3.0,más de 30 años,25454.545454545456,2.0,True,False,False,False,1,Budget Compact Properties
Apartamento,650000.0,3.0,2.0,1.0,0.0,10.0,10.0,2.0,más de 30 años,65000.0,0.5,False,False,False,False,1,Budget Compact Properties
Apartamento,4300000.0,4.0,3.0,4.0,1.0,145.0,120.0,2.0,16 a 30 años,29655.172413793105,1.3333333333333333,False,False,True,False,1,Budget Compact Properties
Apartamento,2800000.0,4.0,2.0,1.0,1.0,41.0,41.0,0.0,menor a 1 año,68292.68292682926,0.5,True,False,False,False,1,Budget Compact Properties
Apartamento,1220000.0,3.0,1.0,1.0,0.0,25.0,20.0,2.0,más de 30 años,48800.0,1.0,False,False,False,False,1,Budget Compact Properties
Apartamento,460000.0,3.0,1.0,1.0,0.0,7.5,7.5,1.0,más de 30 años,61333.333333333336,1.0,False,False,False,False,1,Budget Compact Properties
Apartamento,50000.0,3.0,10.0,10.0,0.0,9.0,9.0,4.0,1 a 8 años,5555.555555555556,1.0,False,False,False,False,0,Premium Spacious Properties
Apartamento,5500000.0,6.0,3.0,3.0,3.0,116.0,116.0,16.0,1 a 8 años,47413.793103448275,1.0,False,True,False,False,1,Budget Compact Properties
Apartamento,3000000.0,4.0,2.0,2.0,1.0,91.0,91.0,2.0,más de 30 años,32967.03296703297,1.0,False,True,False,False,1,Budget Compact Properties
Apartamento,1900000.0,4.0,0.0,1.0,0.0,50.0,22.0,0.0,más de 30 años,38000.0,2.0,True,False,False,False,1,Budget Compact Properties
Casa,5200000.0,5.0,5.0,5.0,2.0,300.0,22.0,0.0,más de 30 años,17333.333333333332,1.0,False,False,True,False,0,Premium Spacious Properties
Casa,12000000.0,4.0,4.0,5.0,2.0,225.0,22.0,0.0,más de 30 años,53333.333333333336,1.25,False,False,True,False,1,Budget Compact Properties
Apartamento,750000.0,3.0,2.0,5.0,0.0,2.0,22.0,2.0,9 a 15 años,375000.0,2.5,False,False,False,False,1,Budget Compact Properties
Apartamento,1490000.0,3.0,1.0,1.0,0.0,40.0,22.0,1.0,16 a 30 años,37250.0,1.0,True,False,False,False,1,Budget Compact Properties
Casa,10500000.0,4.0,6.0,4.0,4.0,435.0,22.0,0.0,9 a 15 años,24137.931034482757,0.6666666666666666,False,False,True,False,0,Premium Spacious Properties
Apartamento,1900000.0,3.0,2.0,3.0,0.0,110.0,110.0,2.0,más de 30 años,17272.727272727272,1.5,False,True,False,False,1,Budget Compact Properties
Apartamento,1000000.0,4.0,1.0,1.0,0.0,23.0,23.0,2.0,9 a 15 años,43478.260869565216,1.0,False,False,False,False,1,Budget Compact Properties
Apartamento,800000.0,3.0,1.0,1.0,0.0,15.0,15.0,0.0,más de 30 años,53333.333333333336,1.0,False,False,False,False,1,Budget Compact Properties
Apartamento,1350000.0,4.0,2.0,1.0,0.0,80.0,80.0,4.0,9 a 15 años,16875.0,0.5,False,True,False,False,1,Budget Compact Properties
Apartamento,1650000.0,3.0,1.0,1.0,0.0,25.0,25.0,0.0,1 a 8 años,66000.0,1.0,False,False,False,False,1,Budget Compact Properties
Apartamento,2200000.0,4.0,2.0,4.0,0.0,120.0,120.0,2.0,más de 30 años,18333.333333333332,2.0,False,True,False,False,1,Budget Compact Properties
Apartamento,1350000.0,4.0,1.0,1.0,0.0,34.0,22.0,2.0,1 a 8 años,39705.882352941175,1.0,True,False,False,False,1,Budget Compact Properties
Apartamento,590000.0,4.0,2.0,3.0,0.0,100.0,14.5,2.0,más de 30 años,5900.0,1.5,False,True,False,False,1,Budget Compact Properties
Casa,7000000.0,4.0,4.0,1.0,0.0,196.0,22.0,2.0,más de 30 años,35714.28571428572,0.25,False,False,True,False,1,Budget Compact Properties
Apartamento,1475400.0,4.0,1.0,1.0,0.0,30.0,22.0,1.0,más de 30 años,49180.0,1.0,False,False,False,False,1,Budget Compact Properties
Apartamento,4500000.0,5.0,3.0,3.0,2.0,88.0,83.0,4.0,1 a 8 años,51136.36363636364,1.0,False,True,False,False,1,Budget Compact Properties
Casa,4300000.0,3.0,3.0,5.0,2.0,250.0,250.0,0.0,más de 30 años,17200.0,1.6666666666666667,False,False,True,False,0,Premium Spacious Properties
Apartamento,4300000.0,4.0,3.0,3.0,2.0,90.0,90.0,0.0,menor a 1 año,47777.77777777778,1.0,False,True,False,False,1,Budget Compact Properties
Casa,5500000.0,4.0,4.0,1.0,0.0,310.0,310.0,0.0,más de 30 años,17741.935483870966,0.25,False,False,True,False,0,Premium Spacious Properties
Apartamento,3250000.0,4.0,3.0,3.0,1.0,96.0,96.0,0.0,1 a 8 años,33854.166666666664,1.0,False,True,False,False,1,Budget Compact Properties
Apartamento,465000000.0,3.0,3.0,4.0,1.0,108.0,108.0,1.0,9 a 15 años,4305555.555555556,1.3333333333333333,False,True,False,False,1,Budget Compact Properties
Apartamento,2000000.0,4.0,1.0,1.0,1.0,48.0,48.0,4.0,1 a 8 años,41666.666666666664,1.0,True,False,False,False,1,Budget Compact Properties
Apartamento,1150000.0,4.0,1.0,1.0,0.0,20.0,19.0,1.0,16 a 30 años,57500.0,1.0,False,False,False,False,1,Budget Compact Properties
Casa,980000.0,4.0,1.0,1.0,0.0,30.0,30.0,2.0,más de 30 años,32666.666666666668,1.0,False,False,False,False,1,Budget Compact Properties
Apartamento,540000.0,4.0,4.0,3.0,0.0,10.0,10.0,1.0,16 a 30 años,54000.0,0.75,False,False,False,False,1,Budget Compact Properties
Apartamento,1350000.0,4.0,1.0,1.0,0.0,32.0,32.0,4.0,más de 30 años,42187.5,1.0,True,False,False,False,1,Budget Compact Properties
Apartamento,3000000.0,3.0,1.0,3.0,0.0,92.0,92.0,5.0,más de 30 años,32608.695652173912,3.0,False,True,False,False,1,Budget Compact Properties
Apartamento,3200000.0,4.0,2.0,2.0,1.0,62.0,62.0,6.0,menor a 1 año,51612.903225806454,1.0,False,True,False,False,1,Budget Compact Properties
Apartamento,1600000.0,3.0,1.0,1.0,1.0,42.0,42.0,4.0,1 a 8 años,38095.23809523809,1.0,True,False,False,False,1,Budget Compact Properties
Apartamento,1850000.0,4.0,1.0,1.0,0.0,30.0,30.0,1.0,más de 30 años,61666.666666666664,1.0,False,False,False,False,1,Budget Compact Properties
Apartamento,1900000.0,4.0,1.0,1.0,0.0,30.0,30.0,0.0,menor a 1 año,63333.333333333336,1.0,False,False,False,False,1,Budget Compact Properties
Casa,15000000.0,3.0,8.0,10.0,9.0,608.0,608.0,0.0,más de 30 años,24671.052631578947,1.25,False,False,False,True,0,Premium Spacious Properties
Apartamento,1000000.0,3.0,1.0,1.0,10.0,26.0,22.0,14.0,más de 30 años,38461.53846153846,1.0,False,False,False,False,1,Budget Compact Properties
Casa,4500000.0,4.0,3.0,3.0,0.0,280.0,280.0,3.0,más de 30 años,16071.42857142857,1.0,False,False,True,False,0,Premium Spacious Properties
Apartamento,3250000.0,4.0,2.0,3.0,1.0,80.0,22.0,3.0,16 a 30 años,40625.0,1.5,False,True,False,False,1,Budget Compact Properties
Apartamento,1450000.0,4.0,1.0,1.0,0.0,37.0,37.0,5.0,más de 30 años,39189.18918918919,1.0,True,False,False,False,1,Budget Compact Properties
Apartamento,2600000.0,4.0,1.0,1.0,1.0,34.0,22.0,5.0,1 a 8 años,76470.58823529411,1.0,True,False,False,False,1,Budget Compact Properties
Apartamento,2500000.0,3.0,3.0,4.0,1.0,100.0,97.0,3.0,16 a 30 años,25000.0,1.3333333333333333,False,True,False,False,1,Budget Compact Properties
Apartamento,2600000.0,4.0,1.0,1.0,0.0,46.0,46.0,2.0,1 a 8 años,56521.739130434784,1.0,True,False,False,False,1,Budget Compact Properties
Apartamento,980000.0,3.0,1.0,1.0,0.0,25.0,25.0,2.0,1 a 8 años,39200.0,1.0,False,False,False,False,1,Budget Compact Properties
Apartamento,1600000.0,4.0,1.0,1.0,0.0,16.0,16.0,3.0,1 a 8 años,100000.0,1.0,False,False,False,False,1,Budget Compact Properties
Apartamento,2700000.0,4.0,2.0,1.0,1.0,41.0,41.0,0.0,menor a 1 año,65853.65853658537,0.5,True,False,False,False,1,Budget Compact Properties
Apartamento,4500000.0,4.0,2.0,3.0,1.0,165.0,165.0,0.0,más de 30 años,27272.727272727272,1.5,False,False,True,False,1,Budget Compact Properties
Apartamento,1700000.0,4.0,1.0,1.0,0.0,32.0,32.0,2.0,menor a 1 año,53125.0,1.0,True,False,False,False,1,Budget Compact Properties
Apartamento,1900000.0,3.0,1.0,1.0,1.0,25.0,23.0,6.0,menor a 1 año,76000.0,1.0,False,False,False,False,1,Budget Compact Properties
Apartamento,2350000.0,4.0,1.0,2.0,0.0,72.0,64.0,3.0,16 a 30 años,32638.88888888889,2.0,False,True,False,False,1,Budget Compact Properties
Casa,8000000.0,6.0,3.0,1.0,5.0,450.0,22.0,1.0,más de 30 años,17777.777777777777,0.3333333333333333,False,False,True,False,1,Budget Compact Properties
Apartamento,1600000.0,4.0,1.0,1.0,0.0,30.0,30.0,1.0,más de 30 años,53333.333333333336,1.0,False,False,False,False,1,Budget Compact Properties
Apartamento,1500000.0,4.0,1.0,1.0,0.0,22.0,22.0,1.0,más de 30 años,68181.81818181818,1.0,False,False,False,False,1,Budget Compact Properties
Apartamento,3300000.0,3.0,3.0,3.0,1.0,100.0,84.0,0.0,16 a 30 años,33000.0,1.0,False,True,False,False,1,Budget Compact Properties
Apartamento,2700000.0,3.0,2.0,1.0,1.0,47.0,47.0,16.0,menor a 1 año,57446.8085106383,0.5,True,False,False,False,1,Budget Compact Properties
Apartamento,1300000.0,5.0,1.0,1.0,0.0,32.0,32.0,3.0,9 a 15 años,40625.0,1.0,True,False,False,False,1,Budget Compact Properties
Apartamento,6210000.0,5.0,3.0,3.0,2.0,130.0,130.0,3.0,más de 30 años,47769.230769230766,1.0,False,False,True,False,1,Budget Compact Properties
Casa,18000000.0,4.0,4.0,6.0,3.0,620.0,620.0,0.0,16 a 30 años,29032.25806451613,1.5,False,False,False,True,0,Premium Spacious Properties
Apartamento,750000.0,3.0,1.0,2.0,0.0,41.0,41.0,0.0,9 a 15 años,18292.682926829268,2.0,True,False,False,False,1,Budget Compact Properties
Apartamento,1650000.0,3.0,1.0,1.0,0.0,38.0,38.0,0.0,1 a 8 años,43421.05263157895,1.0,True,False,False,False,1,Budget Compact Properties
Apartamento,1260000.0,4.0,1.0,1.0,0.0,22.28,20.01,5.0,1 a 8 años,56552.96229802513,1.0,False,False,False,False,1,Budget Compact Properties
Apartamento,520000.0,4.0,0.0,1.0,0.0,5.7,22.0,0.0,9 a 15 años,91228.0701754386,2.0,False,False,False,False,1,Budget Compact Properties
Apartamento,3500000.0,4.0,2.0,2.0,1.0,75.0,75.0,0.0,9 a 15 años,46666.666666666664,1.0,False,True,False,False,1,Budget Compact Properties
Apartamento,2100000.0,3.0,2.0,2.0,0.0,160.0,22.0,1.0,más de 30 años,13125.0,1.0,False,False,True,False,1,Budget Compact Properties
Apartamento,1400000.0,3.0,1.0,1.0,0.0,26.0,24.0,4.0,1 a 8 años,53846.153846153844,1.0,False,False,False,False,1,Budget Compact Properties
Apartamento,1400009.0,3.0,1.0,1.0,0.0,29.0,29.0,7.0,menor a 1 año,48276.1724137931,1.0,False,False,False,False,1,Budget Compact Properties
Casa,18000000.0,3.0,6.0,19.0,8.0,1.0,22.0,2.0,más de 30 años,18000000.0,3.1666666666666665,False,False,False,False,0,Premium Spacious Properties
Apartamento,2500000.0,4.0,2.0,4.0,1.0,77.0,75.0,5.0,9 a 15 años,32467.532467532466,2.0,False,True,False,False,1,Budget Compact Properties
Apartamento,1250000.0,3.0,1.0,1.0,0.0,25.0,25.0,8.0,1 a 8 años,50000.0,1.0,False,False,False,False,1,Budget Compact Properties
Apartamento,600000.0,4.0,1.0,1.0,0.0,12.0,12.0,0.0,9 a 15 años,50000.0,1.0,False,False,False,False,1,Budget Compact Properties
Casa,7900000.0,5.0,5.0,5.0,4.0,425.0,660.0,2.0,más de 30 años,18588.235294117647,1.0,False,False,True,False,0,Premium Spacious Properties
Apartamento,520000.0,5.0,5.0,1.0,0.0,10.0,10.0,1.0,16 a 30 años,52000.0,0.2,False,False,False,False,1,Budget Compact Properties
Casa,8500000.0,4.0,5.0,5.0,5.0,411.0,411.0,0.0,más de 30 años,20681.26520681265,1.0,False,False,True,False,0,Premium Spacious Properties
Casa,3700000.0,4.0,2.0,3.0,2.0,110.0,110.0,0.0,16 a 30 años,33636.36363636364,1.5,False,True,False,False,1,Budget Compact Properties
Apartamento,1200000.0,4.0,1.0,1.0,0.0,120.0,20.0,1.0,más de 30 años,10000.0,1.0,False,True,False,False,1,Budget Compact Properties
Apartamento,3500000.0,4.0,2.0,2.0,1.0,62.8,62.8,14.0,menor a 1 año,55732.484076433124,1.0,False,True,False,False,1,Budget Compact Properties
Apartamento,490000.0,4.0,6.0,1.0,0.0,6.0,6.0,1.0,menor a 1 año,81666.66666666667,0.16666666666666666,False,False,False,False,1,Budget Compact Properties
Casa,8000000.0,4.0,5.0,5.0,5.0,243.0,243.0,2.0,más de 30 años,32921.81069958848,1.0,False,False,True,False,0,Premium Spacious Properties
Apartamento,650000.0,3.0,2.0,1.0,0.0,110.0,22.0,2.0,más de 30 años,5909.090909090909,0.5,False,True,False,False,1,Budget Compact Properties
Apartamento,1100000.0,4.0,1.0,1.0,0.0,21.0,22.0,3.0,1 a 8 años,52380.95238095238,1.0,False,False,False,False,1,Budget Compact Properties
Apartamento,1300000.0,4.0,1.0,1.0,0.0,27.0,27.0,0.0,1 a 8 años,48148.148148148146,1.0,False,False,False,False,1,Budget Compact Properties
Apartamento,5300000.0,4.0,2.0,3.0,1.0,90.0,90.0,4.0,1 a 8 años,58888.88888888889,1.5,False,True,False,False,1,Budget Compact Properties
Apartamento,1400000.0,4.0,1.0,1.0,0.0,20.0,20.0,4.0,menor a 1 año,70000.0,1.0,False,False,False,False,1,Budget Compact Properties
Apartamento,1200000.0,4.0,1.0,1.0,0.0,18.0,18.0,0.0,9 a 15 años,66666.66666666667,1.0,False,False,False,False,1,Budget Compact Properties
Apartamento,2000000.0,4.0,1.0,1.0,1.0,32.0,32.0,8.0,1 a 8 años,62500.0,1.0,True,False,False,False,1,Budget Compact Properties
Apartamento,2200000.0,4.0,1.0,1.0,0.0,34.0,34.0,3.0,1 a 8 años,64705.882352941175,1.0,True,False,False,False,1,Budget Compact Properties
Apartamento,3500000.0,4.0,1.0,1.0,0.0,31.0,32.0,0.0,menor a 1 año,112903.2258064516,1.0,True,False,False,False,1,Budget Compact Properties
Apartamento,2900000.0,4.0,1.0,2.0,1.0,53.0,53.0,3.0,1 a 8 años,54716.981132075474,2.0,True,False,False,False,1,Budget Compact Properties
Casa,11900000.0,4.0,4.0,5.0,5.0,430.0,22.0,3.0,16 a 30 años,27674.418604651164,1.25,False,False,True,False,0,Premium Spacious Properties
Apartamento,2500000.0,4.0,2.0,2.0,1.0,69.0,69.0,2.0,16 a 30 años,36231.884057971016,1.0,False,True,False,False,1,Budget Compact Properties
Apartamento,2600000.0,4.0,1.0,1.0,0.0,42.0,42.0,3.0,9 a 15 años,61904.76190476191,1.0,True,False,False,False,1,Budget Compact Properties
Apartamento,1100000.0,4.0,1.0,1.0,0.0,25.0,25.0,2.0,más de 30 años,44000.0,1.0,False,False,False,False,1,Budget Compact Properties
Apartamento,1800000.0,4.0,1.0,1.0,0.0,32.0,32.0,4.0,1 a 8 años,56250.0,1.0,True,False,False,False,1,Budget Compact Properties
Apartamento,2500000.0,4.0,2.0,2.0,1.0,54.0,54.0,2.0,9 a 15 años,46296.2962962963,1.0,True,False,False,False,1,Budget Compact Properties
Apartamento,500000.0,3.0,1.0,1.0,0.0,400.0,400.0,1.0,9 a 15 años,1250.0,1.0,False,False,True,False,0,Premium Spacious Properties
Apartamento,1600000.0,5.0,1.0,1.0,0.0,45.0,45.0,0.0,16 a 30 años,35555.555555555555,1.0,True,False,False,False,1,Budget Compact Properties
Apartamento,1600000.0,3.0,1.0,1.0,0.0,35.0,22.0,2.0,menor a 1 año,45714.28571428572,1.0,True,False,False,False,1,Budget Compact Properties
Casa,8000000.0,4.0,4.0,6.0,2.0,345.0,22.0,2.0,más de 30 años,23188.405797101448,1.5,False,False,True,False,0,Premium Spacious Properties
Apartamento,600000.0,4.0,1.0,1.0,0.0,9.0,9.0,4.0,más de 30 años,66666.66666666667,1.0,False,False,False,False,1,Budget Compact Properties
Apartamento,1300000.0,4.0,1.0,1.0,0.0,120.0,35.0,1.0,más de 30 años,10833.333333333334,1.0,False,True,False,False,1,Budget Compact Properties
Apartamento,620000.0,5.0,6.0,1.0,0.0,6.0,22.0,2.0,menor a 1 año,103333.33333333333,0.16666666666666666,False,False,False,False,1,Budget Compact Properties
Apartamento,2003000.0,4.0,1.0,3.0,0.0,80.0,80.0,0.0,más de 30 años,25037.5,3.0,False,True,False,False,1,Budget Compact Properties
Apartamento,3000000.0,5.0,2.0,3.0,1.0,86.0,86.0,13.0,más de 30 años,34883.72093023256,1.5,False,True,False,False,1,Budget Compact Properties
Apartamento,800000.0,4.0,1.0,1.0,0.0,16.0,16.0,0.0,más de 30 años,50000.0,1.0,False,False,False,False,1,Budget Compact Properties
Casa,1200000.0,4.0,1.0,1.0,0.0,16.0,16.0,2.0,más de 30 años,75000.0,1.0,False,False,False,False,1,Budget Compact Properties
Apartamento,1100000.0,3.0,2.0,2.0,0.0,34.0,34.0,3.0,16 a 30 años,32352.941176470587,1.0,True,False,False,False,1,Budget Compact Properties
Apartamento,3000000.0,5.0,2.0,3.0,1.0,105.0,105.0,0.0,16 a 30 años,28571.428571428572,1.5,False,True,False,False,1,Budget Compact Properties
Apartamento,1850000.0,4.0,1.0,1.0,0.0,25.0,25.0,1.0,16 a 30 años,74000.0,1.0,False,False,False,False,1,Budget Compact Properties
Apartamento,2200000.0,4.0,4.0,3.0,1.0,120.0,120.0,2.0,9 a 15 años,18333.333333333332,0.75,False,True,False,False,1,Budget Compact Properties
Apartamento,2400000.0,4.0,2.0,1.0,1.0,38.0,35.0,6.0,1 a 8 años,63157.89473684211,0.5,True,False,False,False,1,Budget Compact Properties
Apartamento,2129000.0,3.0,1.0,1.0,0.0,20.0,22.0,0.0,1 a 8 años,106450.0,1.0,False,False,False,False,1,Budget Compact Properties
Casa,5800000.0,4.0,5.0,5.0,2.0,244.0,244.0,3.0,9 a 15 años,23770.491803278688,1.0,False,False,True,False,0,Premium Spacious Properties
Apartamento,1350000.0,4.0,1.0,1.0,0.0,33.0,33.0,2.0,9 a 15 años,40909.09090909091,1.0,True,False,False,False,1,Budget Compact Properties
Apartamento,590000.0,5.0,1.0,1.0,0.0,500.0,500.0,5.0,16 a 30 años,1180.0,1.0,False,False,True,False,0,Premium Spacious Properties
Apartamento,750000.0,4.0,1.0,1.0,0.0,40.0,22.0,1.0,más de 30 años,18750.0,1.0,True,False,False,False,1,Budget Compact Properties
Casa,14000000.0,3.0,1.0,1.0,0.0,510.0,22.0,2.0,16 a 30 años,27450.980392156864,1.0,False,False,False,True,1,Budget Compact Properties
Apartamento,3560000.0,4.0,2.0,2.0,1.0,76.0,76.0,4.0,más de 30 años,46842.10526315789,1.0,False,True,False,False,1,Budget Compact Properties
Apartamento,1450000.0,4.0,1.0,1.0,0.0,40.0,22.0,1.0,1 a 8 años,36250.0,1.0,True,False,False,False,1,Budget Compact Properties
Casa,4900000.0,4.0,4.0,4.0,2.0,200.0,200.0,3.0,16 a 30 años,24500.0,1.0,False,False,True,False,0,Premium Spacious Properties
Casa,20000000.0,4.0,7.0,1.0,4.0,429.0,429.0,0.0,más de 30 años,46620.04662004662,0.14285714285714285,False,False,True,False,0,Premium Spacious Properties
Apartamento,1400000.0,3.0,1.0,1.0,0.0,24.0,24.0,4.0,9 a 15 años,58333.333333333336,1.0,False,False,False,False,1,Budget Compact Properties
Apartamento,1300000.0,4.0,2.0,2.0,1.0,55.0,54.0,2.0,16 a 30 años,23636.363636363636,1.0,True,False,False,False,1,Budget Compact Properties
Apartamento,1600000.0,4.0,1.0,1.0,0.0,36.0,22.0,0.0,16 a 30 años,44444.444444444445,1.0,True,False,False,False,1,Budget Compact Properties
Apartamento,2850000.0,4.0,2.0,1.0,1.0,80.0,80.0,0.0,más de 30 años,35625.0,0.5,False,True,False,False,1,Budget Compact Properties
Apartamento,950000.0,3.0,1.0,1.0,0.0,32.0,32.0,0.0,16 a 30 años,29687.5,1.0,True,False,False,False,1,Budget Compact Properties
Apartamento,350000.0,4.0,1.0,1.0,0.0,120.0,10.0,1.0,9 a 15 años,2916.6666666666665,1.0,False,True,False,False,1,Budget Compact Properties
Casa,750000.0,3.0,1.0,1.0,0.0,9.0,9.0,1.0,más de 30 años,83333.33333333333,1.0,False,False,False,False,1,Budget Compact Properties
Apartamento,750000.0,4.0,1.0,1.0,0.0,20.0,20.0,0.0,9 a 15 años,37500.0,1.0,False,False,False,False,1,Budget Compact Properties
Casa,10500000.0,5.0,4.0,5.0,3.0,384.0,384.0,3.0,9 a 15 años,27343.75,1.25,False,False,True,False,0,Premium Spacious Properties
Apartamento,1650000.0,4.0,1.0,1.0,0.0,20.0,22.0,0.0,más de 30 años,82500.0,1.0,False,False,False,False,1,Budget Compact Properties
Casa,7500000.0,4.0,4.0,6.0,3.0,330.0,330.0,2.0,más de 30 años,22727.272727272728,1.5,False,False,True,False,0,Premium Spacious Properties
Apartamento,2500000.0,5.0,2.0,2.0,1.0,46.0,46.0,0.0,9 a 15 años,54347.82608695652,1.0,True,False,False,False,1,Budget Compact Properties
Apartamento,600000.0,4.0,1.0,1.0,0.0,5.0,5.0,2.0,16 a 30 años,120000.0,1.0,False,False,False,False,1,Budget Compact Properties
Apartamento,1700000.0,4.0,1.0,1.0,1.0,50.0,49.0,2.0,16 a 30 años,34000.0,1.0,True,False,False,False,1,Budget Compact Properties
Apartamento,4900000.0,5.0,3.0,3.0,1.0,89.9,89.9,0.0,menor a 1 año,54505.005561735255,1.0,False,True,False,False,1,Budget Compact Properties
Apartamento,1400000.0,3.0,1.0,1.0,0.0,22.0,22.0,0.0,menor a 1 año,63636.36363636364,1.0,False,False,False,False,1,Budget Compact Properties
Apartamento,1750000.0,4.0,1.0,1.0,0.0,40.0,22.0,1.0,más de 30 años,43750.0,1.0,True,False,False,False,1,Budget Compact Properties
Apartamento,1500000.0,4.0,1.0,1.0,0.0,34.0,34.0,4.0,16 a 30 años,44117.64705882353,1.0,True,False,False,False,1,Budget Compact Properties
Apartamento,1461000.0,4.0,1.0,1.0,0.0,34.0,22.0,0.0,9 a 15 años,42970.58823529412,1.0,True,False,False,False,1,Budget Compact Properties
Apartamento,1500000.0,4.0,1.0,1.0,0.0,45.0,45.0,0.0,más de 30 años,33333.333333333336,1.0,True,False,False,False,1,Budget Compact Properties
Apartamento,700000.0,3.0,1.0,1.0,0.0,1.0,6.0,6.0,1 a 8 años,700000.0,1.0,False,False,False,False,1,Budget Compact Properties
Apartamento,2229000.0,3.0,1.0,1.0,0.0,25.0,22.0,0.0,1 a 8 años,89160.0,1.0,False,False,False,False,1,Budget Compact Properties
Apartamento,2400000.0,4.0,2.0,1.0,1.0,46.0,46.0,2.0,1 a 8 años,52173.913043478264,0.5,True,False,False,False,1,Budget Compact Properties
Apartamento,2600000.0,4.0,1.0,1.0,0.0,42.0,42.0,3.0,9 a 15 años,61904.76190476191,1.0,True,False,False,False,1,Budget Compact Properties
Apartamento,1100000.0,3.0,1.0,1.0,0.0,18.0,18.0,4.0,menor a 1 año,61111.11111111111,1.0,False,False,False,False,1,Budget Compact Properties
Apartamento,750000.0,4.0,1.0,1.0,0.0,127.0,26.0,1.0,9 a 15 años,5905.511811023622,1.0,False,False,True,False,1,Budget Compact Properties
Apartamento,3300000.0,4.0,2.0,2.0,1.0,60.0,60.0,0.0,menor a 1 año,55000.0,1.0,True,False,False,False,1,Budget Compact Properties
Apartamento,630000.0,4.0,1.0,1.0,0.0,5.0,22.0,0.0,más de 30 años,126000.0,1.0,False,False,False,False,1,Budget Compact Properties
Apartamento,1360000.0,4.0,1.0,1.0,0.0,35.0,33.0,4.0,1 a 8 años,38857.142857142855,1.0,True,False,False,False,1,Budget Compact Properties
Apartamento,950000.0,4.0,1.0,1.0,0.0,19.0,19.0,0.0,menor a 1 año,50000.0,1.0,False,False,False,False,1,Budget Compact Properties
Apartamento,2780000.0,4.0,2.0,3.0,0.0,74.0,72.0,4.0,16 a 30 años,37567.56756756757,1.5,False,True,False,False,1,Budget Compact Properties
Casa,9000000.0,4.0,3.0,1.0,1.0,376.0,376.0,0.0,más de 30 años,23936.17021276596,0.3333333333333333,False,False,True,False,0,Premium Spacious Properties
Casa,4000000.0,4.0,3.0,4.0,2.0,240.0,230.0,1.0,más de 30 años,16666.666666666668,1.3333333333333333,False,False,True,False,0,Premium Spacious Properties
Apartamento,1980000.0,4.0,1.0,1.0,0.0,25.0,20.0,2.0,menor a 1 año,79200.0,1.0,False,False,False,False,1,Budget Compact Properties
Apartamento,650000.0,3.0,2.0,1.0,0.0,10.0,20.0,1.0,más de 30 años,65000.0,0.5,False,False,False,False,1,Budget Compact Properties
Apartamento,1553000.0,4.0,1.0,1.0,0.0,22.0,22.0,0.0,1 a 8 años,70590.90909090909,1.0,False,False,False,False,1,Budget Compact Properties
Apartamento,2155000.0,3.0,1.0,1.0,1.0,35.0,26.0,0.0,menor a 1 año,61571.42857142857,1.0,True,False,False,False,1,Budget Compact Properties
Apartamento,1500000.0,4.0,1.0,1.0,0.0,17.0,22.0,2.0,menor a 1 año,88235.29411764706,1.0,False,False,False,False,1,Budget Compact Properties
Apartamento,970000.0,4.0,1.0,1.0,0.0,25.0,25.0,2.0,1 a 8 años,38800.0,1.0,False,False,False,False,1,Budget Compact Properties
Casa,5500000.0,3.0,10.0,12.0,0.0,600.0,350.0,4.0,9 a 15 años,9166.666666666666,1.2,False,False,False,True,0,Premium Spacious Properties
Apartamento,1200000.0,4.0,1.0,1.0,1.0,23.0,23.0,0.0,16 a 30 años,52173.913043478264,1.0,False,False,False,False,1,Budget Compact Properties
Apartamento,1620000.0,4.0,1.0,1.0,0.0,26.8,26.8,5.0,1 a 8 años,60447.76119402985,1.0,False,False,False,False,1,Budget Compact Properties
Apartamento,4000000.0,4.0,3.0,2.0,1.0,87.0,87.0,5.0,menor a 1 año,45977.011494252874,0.6666666666666666,False,True,False,False,1,Budget Compact Properties
Apartamento,1400000.0,4.0,1.0,1.0,1.0,38.0,38.0,3.0,16 a 30 años,36842.10526315789,1.0,True,False,False,False,1,Budget Compact Properties
Apartamento,3250000.0,4.0,1.0,1.0,0.0,43.0,22.0,0.0,1 a 8 años,75581.3953488372,1.0,True,False,False,False,1,Budget Compact Properties
Apartamento,750000.0,3.0,1.0,1.0,0.0,18.0,18.0,1.0,16 a 30 años,41666.666666666664,1.0,False,False,False,False,1,Budget Compact Properties
Apartamento,1874760.0,3.0,2.0,2.0,0.0,75.0,75.0,0.0,1 a 8 años,24996.8,1.0,False,True,False,False,1,Budget Compact Properties
Apartamento,750000.0,3.0,1.0,1.0,0.0,9.0,9.0,1.0,más de 30 años,83333.33333333333,1.0,False,False,False,False,1,Budget Compact Properties
Apartamento,3900000.0,5.0,3.0,4.0,1.0,135.0,22.0,1.0,más de 30 años,28888.88888888889,1.3333333333333333,False,False,True,False,1,Budget Compact Properties
Apartamento,400000.0,4.0,4.0,10.0,0.0,16.0,16.0,2.0,más de 30 años,25000.0,2.5,False,False,False,False,1,Budget Compact Properties
Casa,6000000.0,4.0,6.0,6.0,0.0,400.0,400.0,0.0,más de 30 años,15000.0,1.0,False,False,True,False,0,Premium Spacious Properties
Apartamento,2700000.0,4.0,1.0,2.0,0.0,40.0,37.0,1.0,menor a 1 año,67500.0,2.0,True,False,False,False,1,Budget Compact Properties
Apartamento,1500000.0,3.0,1.0,1.0,0.0,27.0,22.0,2.0,1 a 8 años,55555.555555555555,1.0,False,False,False,False,1,Budget Compact Properties
Apartamento,1500000.0,4.0,1.0,1.0,0.0,40.0,40.0,2.0,16 a 30 años,37500.0,1.0,True,False,False,False,1,Budget Compact Properties
Apartamento,3700000.0,5.0,2.0,3.0,2.0,110.0,110.0,0.0,16 a 30 años,33636.36363636364,1.5,False,True,False,False,1,Budget Compact Properties
Apartamento,2250000.0,4.0,2.0,2.0,0.0,69.0,22.0,2.0,más de 30 años,32608.695652173912,1.0,False,True,False,False,1,Budget Compact Properties
Apartamento,2000000.0,4.0,2.0,2.0,1.0,62.0,62.0,0.0,16 a 30 años,32258.064516129034,1.0,False,True,False,False,1,Budget Compact Properties
Apartamento,1800000.0,4.0,1.0,1.0,1.0,33.0,33.0,15.0,menor a 1 año,54545.454545454544,1.0,True,False,False,False,1,Budget Compact Properties
Casa,5500000.0,3.0,12.0,9.0,0.0,200.0,200.0,0.0,menor a 1 año,27500.0,0.75,False,False,True,False,0,Premium Spacious Properties
Apartamento,460000.0,4.0,3.0,1.0,0.0,9.0,9.0,1.0,menor a 1 año,51111.11111111111,0.3333333333333333,False,False,False,False,1,Budget Compact Properties
Casa,6700000.0,5.0,5.0,5.0,2.0,350.0,22.0,0.0,más de 30 años,19142.85714285714,1.0,False,False,True,False,0,Premium Spacious Properties
Casa,6500000.0,4.0,6.0,6.0,4.0,390.0,380.0,0.0,16 a 30 años,16666.666666666668,1.0,False,False,True,False,0,Premium Spacious Properties
Casa,9000000.0,4.0,4.0,5.0,1.0,240.0,240.0,0.0,más de 30 años,37500.0,1.25,False,False,True,False,0,Premium Spacious Properties
Apartamento,2350000.0,5.0,2.0,2.0,1.0,49.6,46.0,4.0,9 a 15 años,47379.032258064515,1.0,True,False,False,False,1,Budget Compact Properties
Apartamento,1350000.0,3.0,1.0,1.0,0.0,27.0,27.0,2.0,menor a 1 año,50000.0,1.0,False,False,False,False,1,Budget Compact Properties
Apartamento,600000.0,4.0,1.0,3.0,0.0,20.0,20.0,0.0,1 a 8 años,30000.0,3.0,False,False,False,False,1,Budget Compact Properties
Apartamento,1000000.0,4.0,1.0,1.0,0.0,16.0,16.0,1.0,1 a 8 años,62500.0,1.0,False,False,False,False,1,Budget Compact Properties
Apartamento,1700000.0,4.0,2.0,2.0,0.0,58.0,58.0,0.0,16 a 30 años,29310.344827586207,1.0,True,False,False,False,1,Budget Compact Properties
Apartamento,1700000.0,3.0,1.0,1.0,1.0,30.0,27.0,3.0,1 a 8 años,56666.666666666664,1.0,False,False,False,False,1,Budget Compact Properties
Apartamento,800000.0,5.0,1.0,1.0,0.0,30.0,22.0,2.0,16 a 30 años,26666.666666666668,1.0,False,False,False,False,1,Budget Compact Properties
Apartamento,1850000.0,4.0,1.0,1.0,1.0,42.0,22.0,5.0,1 a 8 años,44047.619047619046,1.0,True,False,False,False,1,Budget Compact Properties
Apartamento,1900000.0,4.0,1.0,1.0,0.0,30.0,30.0,0.0,menor a 1 año,63333.333333333336,1.0,False,False,False,False,1,Budget Compact Properties
Apartamento,1159000.0,4.0,1.0,1.0,0.0,24.0,24.0,3.0,1 a 8 años,48291.666666666664,1.0,False,False,False,False,1,Budget Compact Properties
Apartamento,1250000.0,4.0,1.0,1.0,0.0,33.0,33.0,6.0,más de 30 años,37878.78787878788,1.0,True,False,False,False,1,Budget Compact Properties
Apartamento,1400000.0,4.0,1.0,1.0,0.0,25.5,23.0,4.0,menor a 1 año,54901.96078431373,1.0,False,False,False,False,1,Budget Compact Properties
Casa,6000000.0,4.0,3.0,4.0,1.0,273.0,273.0,2.0,más de 30 años,21978.021978021978,1.3333333333333333,False,False,True,False,0,Premium Spacious Properties
Apartamento,3100000.0,4.0,2.0,2.0,2.0,83.0,83.0,2.0,16 a 30 años,37349.39759036145,1.0,False,True,False,False,1,Budget Compact Properties
Casa,770000000.0,4.0,6.0,6.0,3.0,402.0,402.0,2.0,más de 30 años,1915422.8855721394,1.0,False,False,True,False,0,Premium Spacious Properties
Apartamento,2400000.0,4.0,2.0,2.0,1.0,80.0,74.0,4.0,16 a 30 años,30000.0,1.0,False,True,False,False,1,Budget Compact Properties
Apartamento,1600000.0,5.0,1.0,1.0,0.0,16.0,16.0,2.0,1 a 8 años,100000.0,1.0,False,False,False,False,1,Budget Compact Properties
Apartamento,4300000.0,4.0,3.0,3.0,1.0,90.0,90.0,0.0,menor a 1 año,47777.77777777778,1.0,False,True,False,False,1,Budget Compact Properties
Apartamento,1850000.0,4.0,1.0,1.0,1.0,35.0,35.0,0.0,1 a 8 años,52857.142857142855,1.0,True,False,False,False,1,Budget Compact Properties
Apartamento,1700000.0,3.0,1.0,1.0,0.0,37.0,22.0,6.0,más de 30 años,45945.94594594595,1.0,True,False,False,False,1,Budget Compact Properties
Apartamento,3200000.0,4.0,2.0,3.0,1.0,85.0,85.0,0.0,16 a 30 años,37647.05882352941,1.5,False,True,False,False,1,Budget Compact Properties
Apartamento,2300000.0,4.0,1.0,2.0,1.0,56.0,22.0,4.0,más de 30 años,41071.42857142857,2.0,True,False,False,False,1,Budget Compact Properties
Apartamento,2050000.0,4.0,1.0,1.0,0.0,25.0,25.0,0.0,9 a 15 años,82000.0,1.0,False,False,False,False,1,Budget Compact Properties
Apartamento,3750000.0,5.0,3.0,3.0,1.0,110.0,110.0,0.0,16 a 30 años,34090.90909090909,1.0,False,True,False,False,1,Budget Compact Properties
Apartamento,2300000.0,4.0,2.0,3.0,0.0,60.0,60.0,0.0,16 a 30 años,38333.333333333336,1.5,True,False,False,False,1,Budget Compact Properties
Apartamento,1300000.0,4.0,1.0,1.0,1.0,17.0,17.0,0.0,1 a 8 años,76470.58823529411,1.0,False,False,False,False,1,Budget Compact Properties
Casa,6000000.0,4.0,3.0,5.0,0.0,370.0,370.0,0.0,16 a 30 años,16216.216216216217,1.6666666666666667,False,False,True,False,0,Premium Spacious Properties
Apartamento,1870000.0,4.0,1.0,1.0,1.0,34.0,34.0,3.0,más de 30 años,55000.0,1.0,True,False,False,False,1,Budget Compact Properties
Casa,7500000.0,3.0,0.0,1.0,0.0,200.0,22.0,0.0,más de 30 años,37500.0,2.0,False,False,True,False,1,Budget Compact Properties
Apartamento,2000000.0,4.0,1.0,1.0,1.0,32.0,32.0,8.0,1 a 8 años,62500.0,1.0,True,False,False,False,1,Budget Compact Properties
Apartamento,1300000.0,4.0,1.0,2.0,0.0,60.0,60.0,0.0,9 a 15 años,21666.666666666668,2.0,True,False,False,False,1,Budget Compact Properties
Apartamento,3000000.0,4.0,2.0,2.0,1.0,86.0,86.0,0.0,más de 30 años,34883.72093023256,1.0,False,True,False,False,1,Budget Compact Properties
Apartamento,650000.0,4.0,1.0,1.0,0.0,19.0,19.0,2.0,más de 30 años,34210.52631578947,1.0,False,False,False,False,1,Budget Compact Properties
Apartamento,750000.0,4.0,1.0,1.0,0.0,24.0,24.0,1.0,menor a 1 año,31250.0,1.0,False,False,False,False,1,Budget Compact Properties
Apartamento,3360000.0,4.0,2.0,3.0,1.0,78.0,78.0,4.0,16 a 30 años,43076.92307692308,1.5,False,True,False,False,1,Budget Compact Properties
Apartamento,900000.0,4.0,1.0,1.0,0.0,14.0,14.0,0.0,9 a 15 años,64285.71428571428,1.0,False,False,False,False,1,Budget Compact Properties
Apartamento,1650000.0,3.0,1.0,1.0,0.0,33.0,33.0,7.0,1 a 8 años,50000.0,1.0,True,False,False,False,1,Budget Compact Properties
Apartamento,3600000.0,4.0,3.0,4.0,2.0,144.0,144.0,9.0,9 a 15 años,25000.0,1.3333333333333333,False,False,True,False,1,Budget Compact Properties
Casa,6500000.0,3.0,4.0,4.0,4.0,260.0,22.0,0.0,más de 30 años,25000.0,1.0,False,False,True,False,1,Budget Compact Properties
Apartamento,2350000.0,4.0,1.0,2.0,1.0,64.0,64.0,0.0,más de 30 años,36718.75,2.0,False,True,False,False,1,Budget Compact Properties
Apartamento,1200000.0,4.0,1.0,1.0,0.0,28.0,25.0,1.0,1 a 8 años,42857.142857142855,1.0,False,False,False,False,1,Budget Compact Properties
Casa,15000000.0,3.0,8.0,18.0,7.0,610.0,608.0,0.0,16 a 30 años,24590.16393442623,2.25,False,False,False,True,0,Premium Spacious Properties
Apartamento,500000.0,4.0,1.0,1.0,0.0,9.0,9.0,1.0,16 a 30 años,55555.555555555555,1.0,False,False,False,False,1,Budget Compact Properties
Apartamento,530000.0,4.0,1.0,1.0,0.0,1.0,22.0,1.0,más de 30 años,530000.0,1.0,False,False,False,False,1,Budget Compact Properties
Apartamento,2500000.0,4.0,1.0,3.0,1.0,70.0,22.0,2.0,16 a 30 años,35714.28571428572,3.0,False,True,False,False,1,Budget Compact Properties
Apartamento,4800000.0,5.0,3.0,3.0,2.0,150.0,141.0,5.0,más de 30 años,32000.0,1.0,False,False,True,False,1,Budget Compact Properties
Apartamento,3500000.0,4.0,2.0,3.0,2.0,65.0,65.0,0.0,16 a 30 años,53846.153846153844,1.5,False,True,False,False,1,Budget Compact Properties
Apartamento,460000.0,4.0,2.0,4.0,0.0,9.0,9.0,2.0,16 a 30 años,51111.11111111111,2.0,False,False,False,False,1,Budget Compact Properties
Apartamento,2100000.0,4.0,2.0,2.0,1.0,92.0,80.0,2.0,16 a 30 años,22826.08695652174,1.0,False,True,False,False,1,Budget Compact Properties
Apartamento,650000.0,3.0,2.0,1.0,0.0,10.0,10.0,2.0,más de 30 años,65000.0,0.5,False,False,False,False,1,Budget Compact Properties
Apartamento,2000000.0,4.0,2.0,1.0,1.0,48.0,48.0,0.0,1 a 8 años,41666.666666666664,0.5,True,False,False,False,1,Budget Compact Properties
Casa,6955000.0,4.0,5.0,6.0,3.0,360.0,300.0,2.0,9 a 15 años,19319.444444444445,1.2,False,False,True,False,0,Premium Spacious Properties
Apartamento,1200000.0,4.0,1.0,1.0,0.0,50.0,45.0,2.0,más de 30 años,24000.0,1.0,True,False,False,False,1,Budget Compact Properties
Apartamento,1470000.0,5.0,1.0,1.0,0.0,20.0,20.0,0.0,más de 30 años,73500.0,1.0,False,False,False,False,1,Budget Compact Properties
Apartamento,480000.0,4.0,7.0,2.0,0.0,170.0,7.0,1.0,16 a 30 años,2823.529411764706,0.2857142857142857,False,False,True,False,1,Budget Compact Properties
Apartamento,2690000.0,1.0,1.0,1.0,0.0,40.0,36.0,0.0,menor a 1 año,67250.0,1.0,True,False,False,False,1,Budget Compact Properties
Apartamento,1500000.0,4.0,0.0,1.0,0.0,35.0,22.0,0.0,más de 30 años,42857.142857142855,2.0,True,False,False,False,1,Budget Compact Properties
Apartamento,1300000.0,4.0,1.0,1.0,0.0,20.0,18.0,11.0,menor a 1 año,65000.0,1.0,False,False,False,False,1,Budget Compact Properties
Casa,10500000.0,4.0,6.0,6.0,3.0,485.0,485.0,0.0,1 a 8 años,21649.484536082473,1.0,False,False,True,False,0,Premium Spacious Properties
Apartamento,1800000.0,3.0,1.0,1.0,0.0,30.0,30.0,11.0,más de 30 años,60000.0,1.0,False,False,False,False,1,Budget Compact Properties
Apartamento,700000.0,4.0,2.0,1.0,0.0,40.0,40.0,3.0,más de 30 años,17500.0,0.5,True,False,False,False,1,Budget Compact Properties
Apartamento,3000000.0,5.0,2.0,2.0,1.0,86.0,86.0,5.0,más de 30 años,34883.72093023256,1.0,False,True,False,False,1,Budget Compact Properties
Apartamento,2200000.0,4.0,1.0,1.0,1.0,37.0,34.0,6.0,1 a 8 años,59459.45945945946,1.0,True,False,False,False,1,Budget Compact Properties
Apartamento,650000.0,4.0,2.0,2.0,0.0,250.0,10.0,2.0,16 a 30 años,2600.0,1.0,False,False,True,False,1,Budget Compact Properties
Apartamento,1407000.0,3.0,1.0,1.0,0.0,28.0,28.0,0.0,1 a 8 años,50250.0,1.0,False,False,False,False,1,Budget Compact Properties
Apartamento,2200000.0,4.0,2.0,2.0,1.0,94.0,70.0,1.0,más de 30 años,23404.255319148935,1.0,False,True,False,False,1,Budget Compact Properties
Casa,4900000.0,4.0,5.0,5.0,2.0,244.0,244.0,3.0,16 a 30 años,20081.967213114753,1.0,False,False,True,False,0,Premium Spacious Properties
Apartamento,1500000.0,3.0,1.0,2.0,0.0,40.0,38.0,2.0,16 a 30 años,37500.0,2.0,True,False,False,False,1,Budget Compact Properties
Casa,650000.0,4.0,3.0,4.0,0.0,12.0,22.0,3.0,16 a 30 años,54166.666666666664,1.3333333333333333,False,False,False,False,1,Budget Compact Properties
Apartamento,1700000.0,3.0,1.0,1.0,0.0,35.0,32.0,4.0,más de 30 años,48571.42857142857,1.0,True,False,False,False,1,Budget Compact Properties
Apartamento,590000.0,4.0,2.0,2.0,0.0,12.0,680.0,2.0,más de 30 años,49166.666666666664,1.0,False,False,False,False,0,Premium Spacious Properties
Casa,6500000.0,4.0,3.0,4.0,1.0,680.0,22.0,0.0,16 a 30 años,9558.823529411764,1.3333333333333333,False,False,False,True,0,Premium Spacious Properties
Apartamento,3050000.0,4.0,3.0,3.0,1.0,96.0,90.0,6.0,16 a 30 años,31770.833333333332,1.0,False,True,False,False,1,Budget Compact Properties
Apartamento,3300000.0,4.0,2.0,3.0,1.0,150.0,150.0,0.0,16 a 30 años,22000.0,1.5,False,False,True,False,1,Budget Compact Properties
Apartamento,1550000.0,3.0,1.0,1.0,0.0,23.0,19.0,5.0,menor a 1 año,67391.30434782608,1.0,False,False,False,False,1,Budget Compact Properties
Apartamento,1250000.0,4.0,1.0,1.0,0.0,22.0,22.0,0.0,9 a 15 años,56818.181818181816,1.0,False,False,False,False,1,Budget Compact Properties
Apartamento,2200000.0,3.0,1.0,1.0,0.0,23.0,21.0,4.0,1 a 8 años,95652.17391304347,1.0,False,False,False,False,1,Budget Compact Properties
Apartamento,600000.0,4.0,1.0,1.0,0.0,2.2,2.2,2.0,16 a 30 años,272727.2727272727,1.0,False,False,False,False,1,Budget Compact Properties
Apartamento,1600000.0,4.0,1.0,1.0,0.0,38.0,38.0,1.0,9 a 15 años,42105.26315789474,1.0,True,False,False,False,1,Budget Compact Properties
Apartamento,1300000.0,4.0,1.0,1.0,0.0,40.0,40.0,3.0,1 a 8 años,32500.0,1.0,True,False,False,False,1,Budget Compact Properties
Apartamento,800000.0,3.0,1.0,1.0,0.0,26.0,26.0,3.0,16 a 30 años,30769.23076923077,1.0,False,False,False,False,1,Budget Compact Properties
Apartamento,3000000.0,4.0,1.0,2.0,1.0,53.0,53.0,2.0,9 a 15 años,56603.77358490566,2.0,True,False,False,False,1,Budget Compact Properties
Apartamento,850000.0,5.0,0.0,1.0,0.0,55.0,55.0,2.0,9 a 15 años,15454.545454545454,2.0,True,False,False,False,1,Budget Compact Properties
Apartamento,980000.0,4.0,1.0,1.0,0.0,22.0,22.0,1.0,1 a 8 años,44545.454545454544,1.0,False,False,False,False,1,Budget Compact Properties
Casa,7700000.0,3.0,4.0,8.0,1.0,600.0,600.0,2.0,más de 30 años,12833.333333333334,2.0,False,False,False,True,0,Premium Spacious Properties
Apartamento,1800000.0,4.0,1.0,1.0,1.0,40.0,38.0,2.0,1 a 8 años,45000.0,1.0,True,False,False,False,1,Budget Compact Properties
Apartamento,1980000.0,4.0,1.0,1.0,0.0,32.0,32.0,18.0,1 a 8 años,61875.0,1.0,True,False,False,False,1,Budget Compact Properties
Casa,6000000.0,3.0,6.0,17.0,1.0,450.0,450.0,0.0,16 a 30 años,13333.333333333334,2.8333333333333335,False,False,True,False,0,Premium Spacious Properties
Apartamento,1200000.0,3.0,1.0,1.0,10.0,26.0,22.0,4.0,9 a 15 años,46153.846153846156,1.0,False,False,False,False,1,Budget Compact Properties
Casa,4800000.0,4.0,6.0,5.0,2.0,300.0,300.0,6.0,16 a 30 años,16000.0,0.8333333333333334,False,False,True,False,0,Premium Spacious Properties
Apartamento,3300000.0,5.0,2.0,2.0,1.0,65.0,65.0,4.0,1 a 8 años,50769.230769230766,1.0,False,True,False,False,1,Budget Compact Properties
Apartamento,2501000.0,5.0,2.0,3.0,1.0,105.0,105.0,0.0,16 a 30 años,23819.04761904762,1.5,False,True,False,False,1,Budget Compact Properties
Apartamento,977000.0,4.0,2.0,2.0,0.0,6.0,6.0,12.0,1 a 8 años,162833.33333333334,1.0,False,False,False,False,1,Budget Compact Properties
Apartamento,3500000.0,4.0,1.0,1.0,0.0,31.0,31.0,0.0,menor a 1 año,112903.2258064516,1.0,True,False,False,False,1,Budget Compact Properties
Casa,6500000.0,4.0,4.0,4.0,1.0,304.0,304.0,2.0,más de 30 años,21381.57894736842,1.0,False,False,True,False,0,Premium Spacious Properties
Apartamento,500000.0,4.0,0.0,1.0,0.0,250.0,12.0,0.0,más de 30 años,2000.0,2.0,False,False,True,False,1,Budget Compact Properties
Apartamento,1926000.0,3.0,1.0,1.0,0.0,31.0,31.0,2.0,1 a 8 años,62129.032258064515,1.0,True,False,False,False,1,Budget Compact Properties
Apartamento,2050000.0,4.0,1.0,1.0,0.0,25.0,25.0,7.0,1 a 8 años,82000.0,1.0,False,False,False,False,1,Budget Compact Properties
Apartamento,1450000.0,4.0,1.0,1.0,0.0,27.0,27.0,4.0,1 a 8 años,53703.7037037037,1.0,False,False,False,False,1,Budget Compact Properties
Apartamento,2000000.0,4.0,1.0,1.0,1.0,43.0,43.0,4.0,16 a 30 años,46511.62790697674,1.0,True,False,False,False,1,Budget Compact Properties
Apartamento,1250000.0,4.0,1.0,1.0,0.0,40.0,40.0,2.0,1 a 8 años,31250.0,1.0,True,False,False,False,1,Budget Compact Properties
Apartamento,3433000.0,4.0,3.0,2.0,1.0,140.0,22.0,4.0,más de 30 años,24521.428571428572,0.6666666666666666,False,False,True,False,1,Budget Compact Properties
Apartamento,1180000.0,4.0,6.0,6.0,3.0,12.0,12.0,2.0,1 a 8 años,98333.33333333333,1.0,False,False,False,False,1,Budget Compact Properties
Apartamento,3500000.0,4.0,2.0,2.0,1.0,60.0,22.0,6.0,16 a 30 años,58333.333333333336,1.0,True,False,False,False,1,Budget Compact Properties
Apartamento,1100000.0,4.0,1.0,1.0,0.0,40.0,40.0,2.0,9 a 15 años,27500.0,1.0,True,False,False,False,1,Budget Compact Properties
Apartamento,2000000.0,3.0,1.0,1.0,0.0,25.0,25.0,4.0,menor a 1 año,80000.0,1.0,False,False,False,False,1,Budget Compact Properties
Casa,6500000.0,4.0,6.0,5.0,3.0,430.0,430.0,2.0,más de 30 años,15116.279069767443,0.8333333333333334,False,False,True,False,0,Premium Spacious Properties
Casa,5800000.0,5.0,5.0,5.0,2.0,376.0,367.0,3.0,más de 30 años,15425.531914893618,1.0,False,False,True,False,0,Premium Spacious Properties
Apartamento,1800000.0,4.0,1.0,1.0,2.0,51.0,51.0,0.0,16 a 30 años,35294.117647058825,1.0,True,False,False,False,1,Budget Compact Properties
Casa,4900000.0,3.0,4.0,6.0,1.0,19.0,19.0,0.0,16 a 30 años,257894.73684210525,1.5,False,False,False,False,1,Budget Compact Properties
Apartamento,1380000.0,4.0,1.0,1.0,0.0,20.0,20.0,11.0,menor a 1 año,69000.0,1.0,False,False,False,False,1,Budget Compact Properties
Apartamento,4800000.0,4.0,4.0,3.0,1.0,166.0,166.0,6.0,más de 30 años,28915.66265060241,0.75,False,False,True,False,1,Budget Compact Properties
Apartamento,2500000.0,4.0,1.0,1.0,0.0,36.0,22.0,4.0,16 a 30 años,69444.44444444444,1.0,True,False,False,False,1,Budget Compact Properties
Apartamento,3300000.0,4.0,2.0,2.0,2.0,60.0,22.0,4.0,1 a 8 años,55000.0,1.0,True,False,False,False,1,Budget Compact Properties
Apartamento,990000.0,3.0,1.0,1.0,0.0,40.0,40.0,1.0,16 a 30 años,24750.0,1.0,True,False,False,False,1,Budget Compact Properties
Apartamento,999000.0,4.0,1.0,1.0,0.0,18.0,22.0,0.0,1 a 8 años,55500.0,1.0,False,False,False,False,1,Budget Compact Properties
Apartamento,3500000.0,4.0,1.0,1.0,0.0,31.0,31.0,0.0,menor a 1 año,112903.2258064516,1.0,True,False,False,False,1,Budget Compact Properties
Casa,6000000.0,4.0,4.0,5.0,3.0,220.0,220.0,0.0,más de 30 años,27272.727272727272,1.25,False,False,True,False,0,Premium Spacious Properties
Apartamento,2700000.0,4.0,2.0,3.0,0.0,75.0,22.0,1.0,más de 30 años,36000.0,1.5,False,True,False,False,1,Budget Compact Properties
Casa,5000000.0,3.0,2.0,6.0,0.0,305.0,305.0,0.0,más de 30 años,16393.44262295082,3.0,False,False,True,False,0,Premium Spacious Properties
Apartamento,3300000.0,3.0,2.0,3.0,1.0,116.0,116.0,0.0,más de 30 años,28448.275862068964,1.5,False,True,False,False,1,Budget Compact Properties
Apartamento,2600000.0,4.0,2.0,2.0,1.0,62.0,62.0,0.0,9 a 15 años,41935.48387096774,1.0,False,True,False,False,1,Budget Compact Properties
Apartamento,1800000.0,4.0,1.0,1.0,0.0,38.0,22.0,3.0,más de 30 años,47368.42105263158,1.0,True,False,False,False,1,Budget Compact Properties
Apartamento,2850000.0,4.0,2.0,2.0,1.0,86.0,86.0,0.0,más de 30 años,33139.53488372093,1.0,False,True,False,False,1,Budget Compact Properties
Apartamento,5000000.0,5.0,3.0,4.0,3.0,113.0,113.0,0.0,1 a 8 años,44247.78761061947,1.3333333333333333,False,True,False,False,1,Budget Compact Properties
Apartamento,3400000.0,4.0,2.0,3.0,1.0,130.0,22.0,2.0,más de 30 años,26153.846153846152,1.5,False,False,True,False,1,Budget Compact Properties
Apartamento,3556300.0,5.0,2.0,2.0,1.0,73.0,22.0,2.0,9 a 15 años,48716.438356164384,1.0,False,True,False,False,1,Budget Compact Properties
Casa,4500000.0,4.0,3.0,3.0,3.0,190.0,22.0,0.0,más de 30 años,23684.21052631579,1.0,False,False,True,False,1,Budget Compact Properties
Apartamento,850000.0,4.0,1.0,1.0,0.0,20.0,20.0,0.0,menor a 1 año,42500.0,1.0,False,False,False,False,1,Budget Compact Properties
Casa,3600000.0,4.0,3.0,3.0,0.0,166.0,166.0,0.0,más de 30 años,21686.746987951807,1.0,False,False,True,False,1,Budget Compact Properties
Casa,10000000.0,4.0,4.0,8.0,2.0,620.0,263.0,3.0,16 a 30 años,16129.032258064517,2.0,False,False,False,True,0,Premium Spacious Properties
Casa,5000000.0,4.0,4.0,4.0,4.0,368.0,368.0,0.0,más de 30 años,13586.95652173913,1.0,False,False,True,False,0,Premium Spacious Properties
Casa,7800000.0,4.0,4.0,4.0,3.0,450.0,450.0,2.0,16 a 30 años,17333.333333333332,1.0,False,False,True,False,0,Premium Spacious Properties
Apartamento,2500000.0,4.0,2.0,1.0,1.0,49.0,49.0,3.0,1 a 8 años,51020.4081632653,0.5,True,False,False,False,1,Budget Compact Properties
Apartamento,2700000.0,4.0,2.0,1.0,1.0,45.0,42.0,2.0,1 a 8 años,60000.0,0.5,True,False,False,False,1,Budget Compact Properties
Apartamento,1430000.0,3.0,1.0,2.0,0.0,50.0,45.0,1.0,16 a 30 años,28600.0,2.0,True,False,False,False,1,Budget Compact Properties
Casa,13000000.0,4.0,6.0,14.0,5.0,321.0,321.0,0.0,más de 30 años,40498.442367601245,2.3333333333333335,False,False,True,False,0,Premium Spacious Properties
Apartamento,1400000.0,3.0,1.0,1.0,1.0,35.0,32.0,4.0,16 a 30 años,40000.0,1.0,True,False,False,False,1,Budget Compact Properties
Casa,60000000.0,4.0,10.0,14.0,10.0,2.0,22.0,0.0,más de 30 años,30000000.0,1.4,False,False,False,False,0,Premium Spacious Properties
Apartamento,590000.0,4.0,1.0,1.0,0.0,9.0,22.0,4.0,más de 30 años,65555.55555555556,1.0,False,False,False,False,1,Budget Compact Properties
Apartamento,780000.0,4.0,1.0,1.0,0.0,16.0,16.0,2.0,más de 30 años,48750.0,1.0,False,False,False,False,1,Budget Compact Properties
Casa,4500000.0,3.0,3.0,4.0,1.0,222.0,222.0,0.0,más de 30 años,20270.27027027027,1.3333333333333333,False,False,True,False,0,Premium Spacious Properties
Apartamento,550000.0,4.0,0.0,1.0,0.0,25.0,22.0,0.0,16 a 30 años,22000.0,2.0,False,False,False,False,1,Budget Compact Properties
Apartamento,1900000.0,4.0,1.0,1.0,0.0,32.0,32.0,5.0,1 a 8 años,59375.0,1.0,True,False,False,False,1,Budget Compact Properties
Apartamento,800000.0,4.0,1.0,1.0,0.0,7.0,7.0,0.0,más de 30 años,114285.71428571429,1.0,False,False,False,False,1,Budget Compact Properties
Apartamento,1190000.0,3.0,1.0,1.0,1.0,38.0,38.0,2.0,9 a 15 años,31315.78947368421,1.0,True,False,False,False,1,Budget Compact Properties
Apartamento,1800000.0,4.0,1.0,1.0,0.0,22.0,22.0,0.0,1 a 8 años,81818.18181818182,1.0,False,False,False,False,1,Budget Compact Properties
Apartamento,2600000.0,4.0,2.0,2.0,0.0,70.0,70.0,0.0,16 a 30 años,37142.857142857145,1.0,False,True,False,False,1,Budget Compact Properties
Apartamento,2250001.0,3.0,2.0,3.0,1.0,112.0,112.0,3.0,más de 30 años,20089.29464285714,1.5,False,True,False,False,1,Budget Compact Properties
Apartamento,1850000.0,4.0,1.0,1.0,0.0,31.52,31.52,0.0,1 a 8 años,58692.89340101523,1.0,True,False,False,False,1,Budget Compact Properties
Apartamento,3600000.0,4.0,2.0,3.0,1.0,100.0,100.0,0.0,16 a 30 años,36000.0,1.5,False,True,False,False,1,Budget Compact Properties
Apartamento,490000.0,5.0,5.0,3.0,0.0,10.0,10.0,0.0,16 a 30 años,49000.0,0.6,False,False,False,False,1,Budget Compact Properties
Apartamento,3700000.0,4.0,2.0,2.0,1.0,66.0,66.0,6.0,menor a 1 año,56060.606060606064,1.0,False,True,False,False,1,Budget Compact Properties
Apartamento,1800000.0,4.0,1.0,1.0,0.0,29.0,27.0,2.0,más de 30 años,62068.96551724138,1.0,False,False,False,False,1,Budget Compact Properties
Casa,13500000.0,4.0,4.0,4.0,1.0,600.0,580.0,2.0,más de 30 años,22500.0,1.0,False,False,False,True,0,Premium Spacious Properties
Apartamento,1600000.0,4.0,1.0,1.0,1.0,27.0,27.0,1.0,1 a 8 años,59259.25925925926,1.0,False,False,False,False,1,Budget Compact Properties
Apartamento,700000.0,4.0,2.0,3.0,0.0,80.0,10.0,1.0,9 a 15 años,8750.0,1.5,False,True,False,False,1,Budget Compact Properties
Apartamento,3500000.0,5.0,3.0,3.0,2.0,100.0,100.0,4.0,16 a 30 años,35000.0,1.0,False,True,False,False,1,Budget Compact Properties
Apartamento,1850000.0,3.0,1.0,1.0,0.0,17.0,22.0,5.0,menor a 1 año,108823.5294117647,1.0,False,False,False,False,1,Budget Compact Properties
Apartamento,3300000.0,4.0,2.0,2.0,1.0,60.0,60.0,0.0,menor a 1 año,55000.0,1.0,True,False,False,False,1,Budget Compact Properties
Apartamento,1210000.0,4.0,1.0,1.0,0.0,25.0,25.0,4.0,1 a 8 años,48400.0,1.0,False,False,False,False,1,Budget Compact Properties
Apartamento,1650000.0,3.0,1.0,1.0,0.0,17.0,22.0,8.0,menor a 1 año,97058.82352941176,1.0,False,False,False,False,1,Budget Compact Properties
Apartamento,3170000.0,4.0,2.0,2.0,1.0,75.0,70.0,3.0,1 a 8 años,42266.666666666664,1.0,False,True,False,False,1,Budget Compact Properties
Apartamento,1200000.0,4.0,1.0,1.0,0.0,30.0,22.0,0.0,más de 30 años,40000.0,1.0,False,False,False,False,1,Budget Compact Properties
Apartamento,2900000.0,4.0,2.0,3.0,1.0,96.0,22.0,1.0,16 a 30 años,30208.333333333332,1.5,False,True,False,False,1,Budget Compact Properties
Apartamento,2500000.0,4.0,2.0,3.0,1.0,81.5,77.5,1.0,16 a 30 años,30674.84662576687,1.5,False,True,False,False,1,Budget Compact Properties
Apartamento,1500000.0,3.0,1.0,1.0,0.0,17.0,17.0,7.0,menor a 1 año,88235.29411764706,1.0,False,False,False,False,1,Budget Compact Properties
Casa,25000000.0,4.0,5.0,5.0,4.0,700.0,500.0,0.0,más de 30 años,35714.28571428572,1.0,False,False,False,True,0,Premium Spacious Properties
Apartamento,2100000.0,4.0,1.0,1.0,1.0,40.0,40.0,4.0,menor a 1 año,52500.0,1.0,True,False,False,False,1,Budget Compact Properties
Apartamento,700000.0,3.0,2.0,4.0,0.0,75.0,14.0,2.0,16 a 30 años,9333.333333333334,2.0,False,True,False,False,1,Budget Compact Properties
Apartamento,1200000.0,4.0,1.0,1.0,0.0,27.0,22.0,2.0,9 a 15 años,44444.444444444445,1.0,False,False,False,False,1,Budget Compact Properties
Apartamento,1960000.0,4.0,1.0,1.0,1.0,58.0,58.0,0.0,16 a 30 años,33793.10344827586,1.0,True,False,False,False,1,Budget Compact Properties
Casa,5000000.0,4.0,3.0,4.0,2.0,320.0,280.0,0.0,más de 30 años,15625.0,1.3333333333333333,False,False,True,False,0,Premium Spacious Properties
Apartamento,1900000.0,3.0,4.0,3.0,1.0,92.0,22.0,0.0,más de 30 años,20652.17391304348,0.75,False,True,False,False,1,Budget Compact Properties
Apartamento,18500000.0,4.0,2.0,4.0,0.0,100.0,100.0,2.0,16 a 30 años,185000.0,2.0,False,True,False,False,1,Budget Compact Properties
Casa,20000000.0,4.0,2.0,6.0,4.0,780.0,760.0,2.0,más de 30 años,25641.02564102564,3.0,False,False,False,True,0,Premium Spacious Properties
Apartamento,1800000.0,5.0,1.0,1.0,0.0,25.0,20.0,3.0,1 a 8 años,72000.0,1.0,False,False,False,False,1,Budget Compact Properties
Apartamento,1150000.0,4.0,1.0,1.0,0.0,28.0,22.0,1.0,más de 30 años,41071.42857142857,1.0,False,False,False,False,1,Budget Compact Properties
Apartamento,2050000.0,4.0,1.0,1.0,0.0,25.0,25.0,0.0,9 a 15 años,82000.0,1.0,False,False,False,False,1,Budget Compact Properties
Apartamento,1130000.0,3.0,1.0,1.0,0.0,25.0,25.0,1.0,9 a 15 años,45200.0,1.0,False,False,False,False,1,Budget Compact Properties
Apartamento,670000.0,4.0,1.0,1.0,0.0,5.0,5.0,3.0,más de 30 años,134000.0,1.0,False,False,False,False,1,Budget Compact Properties
Apartamento,2416000.0,4.0,1.0,1.0,0.0,30.0,30.0,0.0,1 a 8 años,80533.33333333333,1.0,False,False,False,False,1,Budget Compact Properties
Apartamento,1700000.0,3.0,1.0,1.0,0.0,45.0,45.0,0.0,16 a 30 años,37777.77777777778,1.0,True,False,False,False,1,Budget Compact Properties
Apartamento,3500000.0,5.0,3.0,4.0,2.0,140.0,140.0,0.0,más de 30 años,25000.0,1.3333333333333333,False,False,True,False,1,Budget Compact Properties
Apartamento,4350000.0,4.0,2.0,3.0,1.0,90.0,90.0,4.0,9 a 15 años,48333.333333333336,1.5,False,True,False,False,1,Budget Compact Properties
Apartamento,2730000.0,4.0,3.0,3.0,1.0,98.0,98.0,0.0,más de 30 años,27857.14285714286,1.0,False,True,False,False,1,Budget Compact Properties
Apartamento,3300000.0,4.0,3.0,3.0,1.0,90.0,22.0,9.0,9 a 15 años,36666.666666666664,1.0,False,True,False,False,1,Budget Compact Properties
Casa,4720000.0,4.0,4.0,5.0,1.0,180.0,180.0,0.0,16 a 30 años,26222.222222222223,1.25,False,False,True,False,0,Premium Spacious Properties
Apartamento,950000.0,3.0,2.0,3.0,0.0,50.0,50.0,0.0,9 a 15 años,19000.0,1.5,True,False,False,False,1,Budget Compact Properties
Apartamento,940000.0,4.0,0.0,1.0,0.0,140.0,12.0,0.0,más de 30 años,6714.285714285715,2.0,False,False,True,False,1,Budget Compact Properties
Apartamento,1500000.0,4.0,1.0,1.0,0.0,40.0,35.0,0.0,16 a 30 años,37500.0,1.0,True,False,False,False,1,Budget Compact Properties
Apartamento,810000.0,4.0,1.0,1.0,0.0,10.0,22.0,0.0,más de 30 años,81000.0,1.0,False,False,False,False,1,Budget Compact Properties
Apartamento,3500000.0,4.0,2.0,2.0,1.0,60.0,60.0,0.0,menor a 1 año,58333.333333333336,1.0,True,False,False,False,1,Budget Compact Properties
Apartamento,550000.0,4.0,1.0,1.0,0.0,20.0,12.0,2.0,más de 30 años,27500.0,1.0,False,False,False,False,1,Budget Compact Properties
Apartamento,3500000.0,4.0,2.0,3.0,1.0,65.0,65.0,4.0,9 a 15 años,53846.153846153844,1.5,False,True,False,False,1,Budget Compact Properties
Apartamento,1300000.0,4.0,1.0,1.0,1.0,17.0,17.0,0.0,menor a 1 año,76470.58823529411,1.0,False,False,False,False,1,Budget Compact Properties
Apartamento,1987300.0,4.0,1.0,2.0,1.0,40.0,22.0,0.0,más de 30 años,49682.5,2.0,True,False,False,False,1,Budget Compact Properties
Apartamento,1500000.0,4.0,1.0,1.0,0.0,28.0,28.0,0.0,9 a 15 años,53571.42857142857,1.0,False,False,False,False,1,Budget Compact Properties
Apartamento,1500000.0,3.0,1.0,1.0,0.0,31.0,31.0,1.0,1 a 8 años,48387.096774193546,1.0,True,False,False,False,1,Budget Compact Properties
Casa,16000000.0,4.0,8.0,12.0,3.0,561.0,561.0,2.0,más de 30 años,28520.499108734402,1.5,False,False,False,True,0,Premium Spacious Properties
Casa,5100000.0,4.0,5.0,6.0,3.0,280.0,280.0,0.0,más de 30 años,18214.285714285714,1.2,False,False,True,False,0,Premium Spacious Properties
Apartamento,3670700.0,4.0,2.0,3.0,1.0,86.0,86.0,2.0,1 a 8 años,42682.558139534885,1.5,False,True,False,False,1,Budget Compact Properties
Apartamento,850000.0,4.0,2.0,2.0,0.0,12.0,22.0,2.0,16 a 30 años,70833.33333333333,1.0,False,False,False,False,1,Budget Compact Properties
Apartamento,2500000.0,4.0,1.0,1.0,1.0,37.0,34.0,6.0,1 a 8 años,67567.56756756757,1.0,True,False,False,False,1,Budget Compact Properties
Apartamento,1900000.0,4.0,1.0,1.0,0.0,32.0,32.0,5.0,1 a 8 años,59375.0,1.0,True,False,False,False,1,Budget Compact Properties
Casa,7000000.0,4.0,2.0,2.0,0.0,265.0,22.0,2.0,más de 30 años,26415.094339622643,1.0,False,False,True,False,1,Budget Compact Properties
Apartamento,1800000.0,4.0,1.0,1.0,0.0,30.0,30.0,0.0,1 a 8 años,60000.0,1.0,False,False,False,False,1,Budget Compact Properties
Apartamento,1050000.0,3.0,1.0,1.0,0.0,20.0,20.0,8.0,más de 30 años,52500.0,1.0,False,False,False,False,1,Budget Compact Properties
Apartamento,700000.0,5.0,0.0,1.0,0.0,7.0,7.0,0.0,más de 30 años,100000.0,2.0,False,False,False,False,1,Budget Compact Properties
Apartamento,1250000.0,4.0,1.0,1.0,0.0,25.0,25.0,2.0,1 a 8 años,50000.0,1.0,False,False,False,False,1,Budget Compact Properties
Apartamento,3400000.0,4.0,2.0,2.0,1.0,69.0,69.0,0.0,1 a 8 años,49275.362318840576,1.0,False,True,False,False,1,Budget Compact Properties
Apartamento,1250000.0,3.0,1.0,1.0,0.0,25.0,25.0,2.0,1 a 8 años,50000.0,1.0,False,False,False,False,1,Budget Compact Properties
Apartamento,4500000.0,5.0,4.0,4.0,2.0,120.0,120.0,5.0,9 a 15 años,37500.0,1.0,False,True,False,False,1,Budget Compact Properties
Apartamento,1800000.0,5.0,1.0,1.0,0.0,20.0,20.0,1.0,1 a 8 años,90000.0,1.0,False,False,False,False,1,Budget Compact Properties
Apartamento,2450000.0,4.0,1.0,1.0,0.0,36.0,36.0,0.0,menor a 1 año,68055.55555555556,1.0,True,False,False,False,1,Budget Compact Properties
Apartamento,2000000.0,4.0,1.0,1.0,1.0,32.0,32.0,8.0,1 a 8 años,62500.0,1.0,True,False,False,False,1,Budget Compact Properties
Apartamento,1700000.0,5.0,1.0,1.0,0.0,18.0,18.0,4.0,1 a 8 años,94444.44444444444,1.0,False,False,False,False,1,Budget Compact Properties
Casa,5500000.0,4.0,4.0,1.0,0.0,310.0,310.0,0.0,más de 30 años,17741.935483870966,0.25,False,False,True,False,0,Premium Spacious Properties
Apartamento,1400000.0,3.0,1.0,2.0,0.0,55.0,1.0,3.0,16 a 30 años,25454.545454545456,2.0,True,False,False,False,1,Budget Compact Properties
Apartamento,1600000.0,3.0,1.0,2.0,1.0,52.0,52.0,0.0,1 a 8 años,30769.23076923077,2.0,True,False,False,False,1,Budget Compact Properties
Apartamento,1760000.0,4.0,1.0,1.0,1.0,45.0,45.0,2.0,16 a 30 años,39111.11111111111,1.0,True,False,False,False,1,Budget Compact Properties
Apartamento,690000.0,3.0,1.0,1.0,0.0,10.0,10.0,0.0,más de 30 años,69000.0,1.0,False,False,False,False,1,Budget Compact Properties
Apartamento,1855132.0,3.0,2.0,1.0,1.0,38.0,22.0,3.0,1 a 8 años,48819.26315789474,0.5,True,False,False,False,1,Budget Compact Properties
Apartamento,2500000.0,4.0,1.0,1.0,1.0,44.0,44.0,0.0,9 a 15 años,56818.181818181816,1.0,True,False,False,False,1,Budget Compact Properties
Apartamento,3500000.0,4.0,2.0,3.0,0.0,102.0,102.0,3.0,más de 30 años,34313.72549019608,1.5,False,True,False,False,1,Budget Compact Properties
Apartamento,5000000.0,4.0,3.0,3.0,1.0,92.0,92.0,1.0,más de 30 años,54347.82608695652,1.0,False,True,False,False,1,Budget Compact Properties
Apartamento,3200000.0,4.0,2.0,4.0,1.0,110.0,110.0,0.0,16 a 30 años,29090.909090909092,2.0,False,True,False,False,1,Budget Compact Properties
Apartamento,1350000.0,4.0,1.0,1.0,0.0,5.0,5.0,0.0,1 a 8 años,270000.0,1.0,False,False,False,False,1,Budget Compact Properties
Apartamento,4200000.0,3.0,3.0,3.0,1.0,98.0,98.0,1.0,9 a 15 años,42857.142857142855,1.0,False,True,False,False,1,Budget Compact Properties
Casa,4500000.0,4.0,4.0,4.0,4.0,280.0,280.0,0.0,más de 30 años,16071.42857142857,1.0,False,False,True,False,0,Premium Spacious Properties
Apartamento,3825000.0,4.0,1.0,1.0,0.0,31.0,31.0,0.0,menor a 1 año,123387.09677419355,1.0,True,False,False,False,1,Budget Compact Properties
Apartamento,1600000.0,3.0,1.0,1.0,0.0,29.0,29.0,0.0,9 a 15 años,55172.41379310345,1.0,False,False,False,False,1,Budget Compact Properties
Apartamento,1800000.0,3.0,1.0,1.0,0.0,25.0,22.0,0.0,más de 30 años,72000.0,1.0,False,False,False,False,1,Budget Compact Properties
Apartamento,2400000.0,3.0,2.0,2.0,1.0,76.0,76.0,1.0,más de 30 años,31578.947368421053,1.0,False,True,False,False,1,Budget Compact Properties
Casa,6950000.0,4.0,4.0,5.0,1.0,229.0,22.0,0.0,más de 30 años,30349.34497816594,1.25,False,False,True,False,1,Budget Compact Properties
Apartamento,1650000.0,5.0,1.0,1.0,0.0,25.0,25.0,0.0,1 a 8 años,66000.0,1.0,False,False,False,False,1,Budget Compact Properties
Apartamento,1281300.0,3.0,1.0,1.0,0.0,17.0,15.0,0.0,menor a 1 año,75370.58823529411,1.0,False,False,False,False,1,Budget Compact Properties
Apartamento,3800000.0,4.0,2.0,3.0,1.0,150.0,143.0,3.0,más de 30 años,25333.333333333332,1.5,False,False,True,False,1,Budget Compact Properties
Apartamento,1500000.0,4.0,1.0,1.0,0.0,40.0,22.0,0.0,16 a 30 años,37500.0,1.0,True,False,False,False,1,Budget Compact Properties
Apartamento,1700000.0,4.0,1.0,1.0,0.0,40.0,40.0,2.0,9 a 15 años,42500.0,1.0,True,False,False,False,1,Budget Compact Properties
Apartamento,1800000.0,3.0,2.0,2.0,0.0,50.0,50.0,1.0,9 a 15 años,36000.0,1.0,True,False,False,False,1,Budget Compact Properties
Apartamento,1200000.0,4.0,1.0,2.0,0.0,24.0,24.0,1.0,1 a 8 años,50000.0,2.0,False,False,False,False,1,Budget Compact Properties
Apartamento,1400000.0,4.0,1.0,1.0,0.0,23.0,23.0,2.0,1 a 8 años,60869.565217391304,1.0,False,False,False,False,1,Budget Compact Properties
Casa,5500001.0,4.0,4.0,4.0,2.0,260.0,260.0,1.0,más de 30 años,21153.85,1.0,False,False,True,False,0,Premium Spacious Properties
Apartamento,3500000.0,4.0,2.0,2.0,1.0,90.0,90.0,2.0,1 a 8 años,38888.88888888889,1.0,False,True,False,False,1,Budget Compact Properties
Apartamento,2600000.0,5.0,2.0,1.0,1.0,50.0,45.0,2.0,1 a 8 años,52000.0,0.5,True,False,False,False,1,Budget Compact Properties
Apartamento,1300000.0,4.0,1.0,1.0,0.0,20.0,19.0,4.0,1 a 8 años,65000.0,1.0,False,False,False,False,1,Budget Compact Properties
Apartamento,2200000.0,4.0,1.0,1.0,1.0,67.0,67.0,0.0,16 a 30 años,32835.82089552239,1.0,False,True,False,False,1,Budget Compact Properties
Apartamento,1400000.0,4.0,1.0,1.0,0.0,22.0,22.0,0.0,1 a 8 años,63636.36363636364,1.0,False,False,False,False,1,Budget Compact Properties
Casa,4500000.0,4.0,3.0,3.0,0.0,280.0,22.0,2.0,más de 30 años,16071.42857142857,1.0,False,False,True,False,1,Budget Compact Properties
Casa,9000000.0,4.0,4.0,5.0,4.0,450.0,22.0,2.0,más de 30 años,20000.0,1.25,False,False,True,False,0,Premium Spacious Properties
Apartamento,1400000.0,3.0,1.0,1.0,0.0,36.0,62.0,1.0,16 a 30 años,38888.88888888889,1.0,True,False,False,False,1,Budget Compact Properties
Apartamento,660000.0,3.0,1.0,1.0,0.0,5.0,5.0,3.0,más de 30 años,132000.0,1.0,False,False,False,False,1,Budget Compact Properties
Apartamento,1500000.0,4.0,1.0,1.0,0.0,24.0,22.0,2.0,menor a 1 año,62500.0,1.0,False,False,False,False,1,Budget Compact Properties
Apartamento,2200000.0,3.0,1.0,1.0,1.0,37.0,37.0,0.0,1 a 8 años,59459.45945945946,1.0,True,False,False,False,1,Budget Compact Properties
Apartamento,4200000.0,4.0,4.0,4.0,2.0,165.0,165.0,1.0,más de 30 años,25454.545454545456,1.0,False,False,True,False,0,Premium Spacious Properties
Apartamento,1600000.0,3.0,1.0,1.0,1.0,42.0,42.0,3.0,1 a 8 años,38095.23809523809,1.0,True,False,False,False,1,Budget Compact Properties
Apartamento,2400000.0,4.0,2.0,2.0,1.0,55.0,55.0,3.0,1 a 8 años,43636.36363636364,1.0,True,False,False,False,1,Budget Compact Properties
Apartamento,550000.0,4.0,6.0,5.0,0.0,10.0,10.0,4.0,16 a 30 años,55000.0,0.8333333333333334,False,False,False,False,1,Budget Compact Properties
Apartamento,3700000.0,4.0,2.0,4.0,1.0,200.0,200.0,0.0,16 a 30 años,18500.0,2.0,False,False,True,False,1,Budget Compact Properties
Apartamento,960000.0,4.0,4.0,4.0,3.0,12.0,12.0,1.0,1 a 8 años,80000.0,1.0,False,False,False,False,1,Budget Compact Properties
Apartamento,3700000.0,3.0,3.0,5.0,0.0,230.0,22.0,0.0,más de 30 años,16086.95652173913,1.6666666666666667,False,False,True,False,1,Budget Compact Properties
Apartamento,650000.0,3.0,1.0,1.0,0.0,16.0,52.0,2.0,16 a 30 años,40625.0,1.0,False,False,False,False,1,Budget Compact Properties
Casa,5500000.0,4.0,3.0,5.0,3.0,264.0,264.0,2.0,16 a 30 años,20833.333333333332,1.6666666666666667,False,False,True,False,0,Premium Spacious Properties
Apartamento,950000.0,3.0,1.0,1.0,0.0,20.0,20.0,0.0,más de 30 años,47500.0,1.0,False,False,False,False,1,Budget Compact Properties
Apartamento,4160000.0,4.0,3.0,3.0,1.0,202.0,202.0,1.0,más de 30 años,20594.059405940596,1.0,False,False,True,False,1,Budget Compact Properties
Apartamento,1300000.0,4.0,1.0,1.0,0.0,17.0,15.0,4.0,menor a 1 año,76470.58823529411,1.0,False,False,False,False,1,Budget Compact Properties
Casa,20000000.0,4.0,7.0,7.0,5.0,429.0,429.0,0.0,más de 30 años,46620.04662004662,1.0,False,False,True,False,0,Premium Spacious Properties
Casa,18000000.0,4.0,4.0,19.0,10.0,1.0,1.0,2.0,más de 30 años,18000000.0,4.75,False,False,False,False,0,Premium Spacious Properties
Apartamento,2000000.0,4.0,1.0,1.0,1.0,30.0,22.0,2.0,16 a 30 años,66666.66666666667,1.0,False,False,False,False,1,Budget Compact Properties
Casa,5500000.0,4.0,4.0,4.0,3.0,270.0,270.0,2.0,16 a 30 años,20370.37037037037,1.0,False,False,True,False,0,Premium Spacious Properties
Apartamento,1065000.0,4.0,2.0,3.0,0.0,67.0,58.0,1.0,1 a 8 años,15895.522388059702,1.5,False,True,False,False,1,Budget Compact Properties
Casa,12000000.0,4.0,2.0,3.0,2.0,220.0,22.0,1.0,1 a 8 años,54545.454545454544,1.5,False,False,True,False,1,Budget Compact Properties
Casa,4000000.0,4.0,3.0,10.0,2.0,250.0,250.0,0.0,más de 30 años,16000.0,3.3333333333333335,False,False,True,False,0,Premium Spacious Properties
Apartamento,750000.0,4.0,2.0,3.0,0.0,15.0,15.0,2.0,16 a 30 años,50000.0,1.5,False,False,False,False,1,Budget Compact Properties
Apartamento,1550000.0,4.0,1.0,1.0,0.0,55.0,55.0,3.0,más de 30 años,28181.81818181818,1.0,True,False,False,False,1,Budget Compact Properties
Casa,13000000.0,4.0,6.0,12.0,5.0,600.0,600.0,0.0,más de 30 años,21666.666666666668,2.0,False,False,False,True,0,Premium Spacious Properties
Apartamento,2100000.0,4.0,1.0,1.0,0.0,30.0,30.0,0.0,menor a 1 año,70000.0,1.0,False,False,False,False,1,Budget Compact Properties
Apartamento,3500000.0,4.0,1.0,2.0,0.0,90.0,90.0,0.0,1 a 8 años,38888.88888888889,2.0,False,True,False,False,1,Budget Compact Properties
Apartamento,1600000.0,5.0,1.0,1.0,0.0,18.0,16.0,2.0,1 a 8 años,88888.88888888889,1.0,False,False,False,False,1,Budget Compact Properties
Apartamento,4000000.0,4.0,2.0,4.0,1.0,168.0,22.0,4.0,más de 30 años,23809.52380952381,2.0,False,False,True,False,1,Budget Compact Properties
Casa,7000000.0,4.0,0.0,1.0,0.0,600.0,600.0,0.0,más de 30 años,11666.666666666666,2.0,False,False,False,True,0,Premium Spacious Properties
Apartamento,1550000.0,4.0,1.0,1.0,0.0,39.0,39.0,1.0,más de 30 años,39743.58974358974,1.0,True,False,False,False,1,Budget Compact Properties
